ID,entidad,tipo,link,precio,municipio,colonia,Superficie total,Ambientes,Recámaras,Baños,Estacionamientos,Cantidad de pisos,Antigüedad,Cuota mensual de mantenimiento,Superficie construida,RecÃ¡maras,BaÃ±os,AntigÃ¼edad,Orientación,Bodegas,Tipo de propiedad,Departamentos por piso,Número de piso de la unidad,Disposición,Acceso,Metros de frente,Metros de fondo,DisposiciÃ³n del lote,Forma del terreno
1425577687,campeche,casa,https://casa.metroscubicos.com/MLM-1425577687-casa-en-remate-en-villa-magna-jc-_JM,"U$S905,000",Carmen,Villa Magna,850 m²,12,6,6,6,3,0 años,0 MXN,,,,,,,,,,,,,,,
1425538732,campeche,casa,https://casa.metroscubicos.com/MLM-1425538732-casa-en-remate-en-villa-magna-jc-_JM,"$18,101,000",Carmen,Villa Magna,850 m²,12,6,6,6,3,0 años,0 MXN,,,,,,,,,,,,,,,
1425553355,campeche,casa,https://casa.metroscubicos.com/MLM-1425553355-casa-adjudicada-en-fracc-residencial-san-miguel-cd-del-carmen-zfv-_JM,"$3,279,500",Carmen,Fraccionamiento Residencial San Miguel,270 m²,6,3,3,2,2,10 años,0 MXN,270 m²,,,,,,,,,,,,,,
1424161706,campeche,casa,https://casa.metroscubicos.com/MLM-1424161706-casa-en-boulevard-el-cielo-ciudad-del-carmen-jv-_JM,"$3,279,500",Carmen,Fraccionamiento Residencial San Miguel,300 m²,,3,3,2,2,6 años,0 MXN,,,,,,,,,,,,,,,
1423520454,campeche,casa,https://casa.metroscubicos.com/MLM-1423520454-casa-en-venta-en-fracc-santa-rita-carmen-campeche-dcch-_JM,"$755,976",Carmen,Santa Rita,100 m²,,2,1,1,1,12 años,,120 m²,,,,,,,,,,,,,,
1426247495,campeche,venta,https://casa.metroscubicos.com/MLM-1426247495-venta-casa-en-remate-boulevard-el-cielo-campeche-_JM,"$3,279,500",Carmen,Fraccionamiento Residencial San Miguel,270 m²,,3,3,2,2,8 años,0 MXN,,,,,,,,,,,,,,,
1423507750,campeche,casa,https://casa.metroscubicos.com/MLM-1423507750-casa-en-venta-en-campeche-campeche-dcch-_JM,"$1,642,672",Campeche,San Joaquín,120 m²,,3,2,1,2,12 años,,150 m²,,,,,,,,,,,,,,
1424832838,campeche,dcb,https://casa.metroscubicos.com/MLM-1424832838-dcb-casa-col-mision-del-carmen-playa-del-carmen-qro-_JM,"$708,000",Carmen,MisiÃ³n Del Carmen,160 mÂ²,,,,1,2,,0 MXN,,2,1,5 aÃ±os,,,,,,,,,,,
1424611289,campeche,casa,https://casa.metroscubicos.com/MLM-1424611289-casa-en-venta-_JM,"$1,500,000",Carmen,Mediterráneo,91 m²,,3,2,1,,7 años,,106 m²,,,,,,,,,,,,,,
1355244430,campeche,residencia,https://casa.metroscubicos.com/MLM-1355244430-residencia-de-lujo-a-orilla-de-mar-de-campeche-a-200-mts-del-fuerte-san-miguel-_JM,"$19,523,000",Campeche,Fraccionamiento Residencial Resurgimiento,240 m²,,3,4,4,,14 años,,755 m²,,,,,,,,,,,,,,
896374081,campeche,casa,https://casa.metroscubicos.com/MLM-896374081-casa-en-venta-maravilloso-country-club-campeche-_JM,"$5,800,000",Campeche,Campeche,715 mÂ²,,,,3,,,,315 mÂ²,3,4,0 aÃ±os,,,,,,,,,,,
1395630135,campeche,rancho,https://casa.metroscubicos.com/MLM-1395630135-rancho-de-300-hectareas-en-campeche-cerca-de-playa-_JM,"$39,800,000",ChampotÃ³n,Haltunchen,3000000 mÂ²,,,,,,,,1 mÂ²,,,0 aÃ±os,,,,,,,,,,,
1373155656,campeche,oportunidad,https://casa.metroscubicos.com/MLM-1373155656-oportunidad-casa-ubicada-en-col-santa-rita-municipio-carmen-estado-de-campeche-_JM,"$450,000",Carmen,Santa Rita,100 m²,,2,1,,,,,62 m²,,,,,,,,,,,,,,
1346276843,campeche,casa,https://casa.metroscubicos.com/MLM-1346276843-casa-en-campeche-_JM,"$8,000,000",Campeche,Santa Lucia,565 m²,12,4,4,,,0 años,,726 m²,,,,,,,,,,,,,,
1365253823,campeche,casa,https://casa.metroscubicos.com/MLM-1365253823-casa-sola-en-venta-colonial-campeche-_JM,"$2,980,000",Campeche,Fraccionamiento Colonial Campeche,500 m²,,6,4,,,0 años,,500 m²,,,,,,,,,,,,,,
952117127,campeche,rancho,https://casa.metroscubicos.com/MLM-952117127-rancho-chacan-chomac-en-tenabo-campeche-_JM,"$35,000",Tenabo,Colonia Tenabo Centro,5190000 mÂ²,,,,,,,,1 mÂ²,,,0 aÃ±os,,,,,,,,,,,
1373880439,campeche,casa,https://casa.metroscubicos.com/MLM-1373880439-casa-sola-en-venta-miami-_JM,"$3,990,000",Carmen,Miami,360 m²,,4,4,,,0 años,,385 m²,,,,,,,,,,,,,,
1338043602,campeche,casa,https://casa.metroscubicos.com/MLM-1338043602-casa-recien-remodelada-en-venta-_JM,"$700,000",Carmen,Residencial San Miguel,42 m²,,2,1,,,11 años,,90 m²,,,,,,,,,,,,,,
865954662,campeche,casa,https://casa.metroscubicos.com/MLM-865954662-casa-en-isla-aguada-en-venta-_JM,"$3,800,000",Carmen,Isla De Aguada,396 m²,3,2,1,,,0 años,,1 m²,,,,,,,,,,,,,,
927649738,campeche,bonito,https://casa.metroscubicos.com/MLM-927649738-bonito-y-pintoresco-hotel-en-el-centro-de-ciudad-del-carmen-campeche-_JM,"$22,000,000",Carmen,Ciudad Del Carmen Centro,322.9 m²,,11,11,,,10 años,,445.8 m²,,,,,,,,,,,,,,
1328031067,campeche,oportunidad,https://casa.metroscubicos.com/MLM-1328031067-oportunidad-venta-de-casa-de-campo-en-esquina-bethania-camp-_JM,"$1,115,000",Campeche,Colonia San Francisco de Campeche Centro,768 m²,5,2,2,1,,3 años,,362 m²,,,,,,,,,,,,,,
1393597969,campeche,casa,https://casa.metroscubicos.com/MLM-1393597969-casa-sola-en-venta-playa-bonita-_JM,"$6,200,000",Campeche,San Antonio Cayal,522 m²,,3,4,,,0 años,,287 m²,,,,,,,,,,,,,,
1365240481,campeche,casa,https://casa.metroscubicos.com/MLM-1365240481-casa-sola-en-venta-isla-aguada-_JM,"$650,000",Carmen,Isla De Aguada,200 mÂ²,,,,,,,,200 mÂ²,2,2,0 aÃ±os,,,,,,,,,,,
1361850542,campeche,casa,https://casa.metroscubicos.com/MLM-1361850542-casa-sola-en-venta-villa-magna-_JM,"$2,300,000",Carmen,Villa Magna,162 m²,,4,4,,,0 años,,178 m²,,,,,,,,,,,,,,
1368899805,campeche,rancho,https://casa.metroscubicos.com/MLM-1368899805-rancho-concepcion-_JM,"$84,704,000",Escárcega,Colonia Escárcega Centro,13500000 m²,,,,,,0 años,,1 m²,,,,,,,,,,,,,,
1358195326,campeche,casa,https://casa.metroscubicos.com/MLM-1358195326-casa-en-venta-amueblada-3-recamaras-avenida-resurgimiento-campeche-campeche-_JM,"$26,000,000",Campeche,Campeche,735 m²,4,3,5,3,2,24 años,0 MXN,450 m²,,,,Norte,,,,,,,,,,
1326000438,campeche,casa,https://casa.metroscubicos.com/MLM-1326000438-casa-en-venta-con-roof-garden-parque-campeche-con-piscina-_JM,"$3,600,000",San Andrés Cholula,Lomas de Angelópolis,130 m²,,3,2,2,,8 años,,210 m²,,,,,,,,,,,,,,
858516714,campeche,rancho,https://casa.metroscubicos.com/MLM-858516714-rancho-ganadero-y-agricola-_JM,"$14,319,000",Campeche,20 De Noviembre,3330000 m²,,,,,,0 años,,1 m²,,,,,,,,,,,,,,
1398255256,campeche,hotel,https://casa.metroscubicos.com/MLM-1398255256-hotel-con-12-habs-en-venta-en-champoton-campeche-en-el-ma-_JM,"$6,150,000",Champotón,Malecón,447 m²,24,12,12,,,0 años,,545 m²,,,,,,,,,,,,,,
955345741,campeche,casa,https://casa.metroscubicos.com/MLM-955345741-casa-las-granjas-_JM,"$800,000",Campeche,Las Granjas,200 m²,1,2,1,1,2,0 años,0 MXN,,,,,,,,,,,,,,,
1333255617,campeche,go,https://casa.metroscubicos.com/MLM-1333255617-go-liquidacion-casa-en-calle-campeche-valle-ceylan-tlanepan-_JM,"$2,139,740",Tlalnepantla de Baz,Valle Ceylan,200 m²,,4,2,2,2,28 años,,233 m²,,,,,,,,,,,,,,
1385508981,campeche,atencion,https://casa.metroscubicos.com/MLM-1385508981-atencion-inversionistas-y-medicos-excelente-oportunidad-de-inversion-_JM,"$20,000,000",Carmen,Santa Margarita,400 m²,,9,10,,,20 años,,800 m²,,,,,,,,,,,,,,
1338056424,campeche,casa,https://casa.metroscubicos.com/MLM-1338056424-casa-en-venta-_JM,"$1,550,000",Carmen,1 De Mayo (Playón),98 m²,,3,1,2,,11 años,,100 m²,,,,,,,,,,,,,,
1391165399,campeche,casa,https://casa.metroscubicos.com/MLM-1391165399-casa-sola-en-venta-campeche-country-club-_JM,"$6,500,000",Campeche,Campeche,705 mÂ²,,,,,,,,347 mÂ²,4,4,0 aÃ±os,,,,,,,,,,,
1365298417,campeche,casa,https://casa.metroscubicos.com/MLM-1365298417-casa-sola-en-venta-isla-aguada-_JM,"$950,000",Carmen,Isla De Aguada,390 mÂ²,,,,,,,,390 mÂ²,1,2,0 aÃ±os,,,,,,,,,,,
1384505049,campeche,casa,https://casa.metroscubicos.com/MLM-1384505049-casa-sola-en-venta-residencial-del-lago-_JM,"$4,400,000",Carmen,Residencial del Lago,300 m²,,2,3,,,0 años,,260 m²,,,,,,,,,,,,,,
1396052087,campeche,casa,https://casa.metroscubicos.com/MLM-1396052087-casa-sola-en-venta-maderas-_JM,"$1,800,000",Carmen,Maderas,120 m²,,4,4,,,0 años,,250 m²,,,,,,,,,,,,,,
1393665059,campeche,ve,https://casa.metroscubicos.com/MLM-1393665059-ve-casa-calkini-en-esquina-_JM,"$2,200,000",Calkini,Colonia Calkini Centro,100 m²,4,3,1,,,0 años,,120 m²,,,,,,,,,,,,,,
1338030684,campeche,casa,https://casa.metroscubicos.com/MLM-1338030684-casa-en-venta-_JM,"$1,260,000",Carmen,1 De Mayo (PlayÃ³n),105 mÂ²,,,,2,,,,173 mÂ²,3,3,4 aÃ±os,,,,,,,,,,,
1338024184,campeche,hermosa,https://casa.metroscubicos.com/MLM-1338024184-hermosa-casa-en-real-del-carmen-_JM,"$2,500,000",Carmen,1 De Mayo (Playón),163 m²,,2,1,3,,11 años,,160 m²,,,,,,,,,,,,,,
1421118065,campeche,casa,https://casa.metroscubicos.com/MLM-1421118065-casa-en-fraccionamiento-residencial-san-miguel-cd-del-carmen-_JM,"$3,279,500",Carmen,Fraccionamiento Residencial San Miguel,270 m²,,3,3,2,2,8 años,0 MXN,,,,,,,,,,,,,,,
1376489159,campeche,casa,https://casa.metroscubicos.com/MLM-1376489159-casa-uso-de-suelo-en-venta-champoton-centro-_JM,"$2,500,000",Champotón,Champotón Centro,305 m²,,2,2,,,0 años,,238 m²,,,,,,,,,,,,,,
1410122260,campeche,casa,https://casa.metroscubicos.com/MLM-1410122260-casa-en-venta-para-inversionistas-en-el-centro-de-campeche-_JM,"$18,000,000",Campeche,Colonia San Francisco de Campeche Centro,392 m²,17,13,4,,,0 años,,950 m²,,,,,,,,,,,,,,
1338043608,campeche,terreno,https://casa.metroscubicos.com/MLM-1338043608-terreno-_JM,"$1,923,750",Carmen,Playa Palmas,225 mÂ²,,,,,,,,,,,0 aÃ±os,,,,,,,,,,,
1405601503,campeche,casa,https://casa.metroscubicos.com/MLM-1405601503-casa-en-venta-_JM,"$1,980,000",Carmen,Maderas,120 m²,,4,3,1,,16 años,,200 m²,,,,,,,,,,,,,,
1304478583,campeche,casa,https://casa.metroscubicos.com/MLM-1304478583-casa-sola-en-venta-fracc-los-arcos-_JM,"$2,550,000",Carmen,Los Arcos,180 m²,,4,3,,,0 años,,200 m²,,,,,,,,,,,,,,
1361967185,campeche,casa,https://casa.metroscubicos.com/MLM-1361967185-casa-sola-en-venta-morelos-_JM,"$6,500,000",Carmen,Morelos,600 m²,,4,5,,,0 años,,436 m²,,,,,,,,,,,,,,
1338043588,campeche,villas,https://casa.metroscubicos.com/MLM-1338043588-villas-de-san-jose-_JM,"$780,000",Carmen,1 De Mayo (Playón),42 m²,,3,2,1,,16 años,,110 m²,,,,,,,,,,,,,,
1416132857,campeche,casa,https://casa.metroscubicos.com/MLM-1416132857-casa-en-venta-en-barrio-santa-ana-campeche-campeche-_JM,"$1,600,000",Campeche,Santa Ana,258 m²,,4,1,,,0 años,,185 m²,,,,,,,,,,,,,,
1384433353,campeche,casa,https://casa.metroscubicos.com/MLM-1384433353-casa-sola-en-venta-miami-_JM,"$1,900,000",Carmen,Miami,144 m²,,3,3,,,0 años,,181 m²,,,,,,,,,,,,,,
1412963933,campeche,casa,https://casa.metroscubicos.com/MLM-1412963933-casa-en-venta-o-renta-en-fracc-villas-del-sol-villahermosa-_JM,"$4,700,000",Carmen,Atasta,201 mÂ²,,,,2,2,,1500 MXN,,3,3,10 aÃ±os,,,,,,,,,,,
1405636961,campeche,casa,https://casa.metroscubicos.com/MLM-1405636961-casa-en-venta-en-fraccionamiento-los-rios-_JM,"$2,100,000",Carmen,1 De Mayo (Playón),150 m²,,2,2,2,,11 años,,189 m²,,,,,,,,,,,,,,
1373304727,campeche,casa,https://casa.metroscubicos.com/MLM-1373304727-casa-en-venta-_JM,"$1,850,000",Puebla,San Baltasar Campeche,144 m²,,3,1,2,,10 años,,80 m²,,,,,,,,,,,,,,
1355548905,campeche,casa,https://casa.metroscubicos.com/MLM-1355548905-casa-residencial-en-venta-en-lerma-campeche-_JM,"$6,200,000",Campeche,Lerma,522.07 m²,,3,4,4,,0 años,,287 m²,,,,,,,,,,,,,,
1405636936,campeche,casa,https://casa.metroscubicos.com/MLM-1405636936-casa-habitacion-_JM,"$3,300,000",Carmen,1 De Mayo (Playón),380 m²,,4,3,4,,11 años,,420 m²,,,,,,,,,,,,,,
1400311188,campeche,casa,https://casa.metroscubicos.com/MLM-1400311188-casa-sola-en-venta-mar-azul-_JM,"$3,200,000",Carmen,18 de Marzo,200 m²,,3,3,,,0 años,,200 m²,,,,,,,,,,,,,,
871936753,campeche,venta,https://casa.metroscubicos.com/MLM-871936753-venta-casa-en-villa-magna-_JM,"$2,900,000",Carmen,Villa Magna,200 m²,7,3,3,2,,0 años,,180 m²,,,,,,,,,,,,,,
1405619494,campeche,casa,https://casa.metroscubicos.com/MLM-1405619494-casa-en-venta-_JM,"$1,050,000",Carmen,1 De Mayo (Playón),80 m²,,3,2,2,,11 años,,70 m²,,,,,,,,,,,,,,
1405630837,campeche,casa,https://casa.metroscubicos.com/MLM-1405630837-casa-ampliada-en-venta-_JM,"$700,000",Carmen,1 De Mayo (PlayÃ³n),97 mÂ²,,,,1,,,,87 mÂ²,2,1,7 aÃ±os,,,,,,,,,,,
1405625658,campeche,casa,https://casa.metroscubicos.com/MLM-1405625658-casa-en-venta-_JM,"$4,900,000",Carmen,La Esperanza,500 m²,,4,5,4,,11 años,,294 m²,,,,,,,,,,,,,,
963092905,campeche,casa,https://casa.metroscubicos.com/MLM-963092905-casa-ampliacion-enrique-rodriguez-cano-_JM,"$4,500,000",Carmen,Enrique RodrÃ­guez Cano,753 mÂ²,,,,3,1,,0 MXN,300 mÂ²,3,4,4 aÃ±os,,,,,,,,,,,
1405619527,campeche,casa,https://casa.metroscubicos.com/MLM-1405619527-casa-en-venta-col-san-agustin-del-palmar-_JM,"$2,400,000",Carmen,1 De Mayo (Playón),257 m²,,3,2,4,,26 años,,210 m²,,,,,,,,,,,,,,
1400360962,campeche,casa,https://casa.metroscubicos.com/MLM-1400360962-casa-sola-en-venta-cuauhtemoc-_JM,"$2,850,000",Carmen,Cuauhtémoc,300 m²,,4,4,,,0 años,,220 m²,,,,,,,,,,,,,,
1417094483,campeche,casa,https://casa.metroscubicos.com/MLM-1417094483-casa-en-venta-en-residencial-san-miguel-carmen-campeche-dcch-_JM,"$755,625",Carmen,Residencial San Miguel,100 m²,,2,2,1,2,12 años,,120 m²,,,,,,,,,,,,,,
871936743,campeche,casa,https://casa.metroscubicos.com/MLM-871936743-casa-en-venta-malibran-_JM,"$6,000,000",Carmen,Malibran,250 m²,8,4,4,2,,0 años,,200 m²,,,,,,,,,,,,,,
1308564517,campeche,casa,https://casa.metroscubicos.com/MLM-1308564517-casa-habitacion-de-1-recamara-en-villas-de-santa-ana-_JM,"$520,000",Campeche,Carmen,36 m²,,1,1,1,,0 años,,48 m²,,,,,,,,,,,,,,
1411263431,campeche,casa,https://casa.metroscubicos.com/MLM-1411263431-casa-sola-en-venta-residencial-las-palmas-_JM,"$3,000,000",Carmen,Residencial Las Palmas,176 m²,,3,4,,,0 años,,155 m²,,,,,,,,,,,,,,
1384420340,campeche,casa,https://casa.metroscubicos.com/MLM-1384420340-casa-sola-en-venta-san-miguel-_JM,"$1,800,000",Carmen,San Miguel,91 m²,,2,2,,,0 años,,110 m²,,,,,,,,,,,,,,
962970342,campeche,casa,https://casa.metroscubicos.com/MLM-962970342-casa-sola-en-venta-fracc-los-rios-_JM,"$2,800,000",Carmen,Fraccionamiento Los Ríos,165 m²,,3,3,,,0 años,,192 m²,,,,,,,,,,,,,,
963092897,campeche,casa,https://casa.metroscubicos.com/MLM-963092897-casa-enrique-rodriguez-cano-_JM,"$3,200,000",Carmen,Enrique RodrÃ­guez Cano,390 mÂ²,,,,3,1,,0 MXN,,3,2,25 aÃ±os,,,,,,,,,,,
1385447439,campeche,casa,https://casa.metroscubicos.com/MLM-1385447439-casa-sola-en-venta-san-baltazar-campeche-_JM,"$11,000,000",Puebla,San Baltasar Campeche,888 m²,,3,4,,,0 años,,1066 m²,,,,,,,,,,,,,,
865961823,campeche,casa,https://casa.metroscubicos.com/MLM-865961823-casa-en-colonia-francisco-i-madero-en-venta-renta-_JM,"$2,600,000",Carmen,Francisco I Madero,300 m²,7,3,2,1,,0 años,,77 m²,,,,,,,,,,,,,,
1395778245,campeche,casa,https://casa.metroscubicos.com/MLM-1395778245-casa-sola-en-venta-morelos-_JM,"$6,450,000",Carmen,Morelos,590 m²,,4,5,,,5 años,,477 m²,,,,,,,,,,,,,,
1394779856,campeche,casa,https://casa.metroscubicos.com/MLM-1394779856-casa-sola-en-venta-morelos-_JM,"$6,500,000",Carmen,Morelos,600 m²,,4,5,,,0 años,,43592 m²,,,,,,,,,,,,,,
1338043584,campeche,hermosa,https://casa.metroscubicos.com/MLM-1338043584-hermosa-casa-en-residencial-las-palmas-_JM,"$3,300,000",Carmen,Residencial Las Palmas,176 m²,,4,3,4,,11 años,,200 m²,,,,,,,,,,,,,,
1387512900,campeche,casa,https://casa.metroscubicos.com/MLM-1387512900-casa-en-venta-en-campeche-campeche-vcr-_JM,"$2,176,900",Campeche,San José,270 m²,,4,2,1,2,,,346 m²,,,,Sur,1,,,,,,,,,
1421596368,campeche,casa,https://casa.metroscubicos.com/MLM-1421596368-casa-sola-en-venta-lazaro-cardenas-_JM,"$4,600,000",Candelaria,Ejido Lázaro Cárdenas,470 m²,,5,4,,,0 años,,570 m²,,,,,,,,,,,,,,
1396928447,campeche,casa,https://casa.metroscubicos.com/MLM-1396928447-casa-en-venta-en-bethania-campeche-casa-de-campo-bethania-_JM,"$1,115,000",Campeche,San Francisco,768 m²,5,2,2,1,,0 años,,362 m²,,,,,,,,,,,,,,
1384557231,campeche,casa,https://casa.metroscubicos.com/MLM-1384557231-casa-sola-en-venta-volcanes-_JM,"$1,850,000",Carmen,Volcanes,128 m²,,3,3,,,0 años,,183 m²,,,,,,,,,,,,,,
1348037084,campeche,casa,https://casa.metroscubicos.com/MLM-1348037084-casa-en-venta-san-baltazar-campeche-puebla-_JM,"$10,500,000",Puebla,San Baltazar Lindavista,658 m²,,4,2,6,2,30 años,0 MXN,,,,,,,,,,,,,,,
1317137271,campeche,9413,https://casa.metroscubicos.com/MLM-1317137271-9413-campeche-chalma-de-guadalupe-_JM,"$2,500,000",Gustavo A. Madero,Chalma De Guadalupe,296 m²,,8,4,1,,,,244 m²,,,,,,,,,,,,,,
1417155009,campeche,casa,https://casa.metroscubicos.com/MLM-1417155009-casa-en-venta-en-maderas-carmen-campeche-dcch-_JM,"$278,921",Carmen,Maderas,100 m²,,3,2,1,2,12 años,,120 m²,,,,,,,,,,,,,,
865953720,campeche,casa,https://casa.metroscubicos.com/MLM-865953720-casa-local-comercial-en-colonia-centro-en-venta-_JM,"$8,800,000",Carmen,Ciudad Del Carmen Centro,409 m²,5,2,2,2,,0 años,,1 m²,,,,,,,,,,,,,,
871936722,campeche,venta,https://casa.metroscubicos.com/MLM-871936722-venta-de-casa-en-malibran-_JM,"$5,500,000",Carmen,Malibran,600 m²,4,2,2,,,0 años,,174 m²,,,,,,,,,,,,,,
1338062818,campeche,imponente,https://casa.metroscubicos.com/MLM-1338062818-imponente-propiedad-de-construccion-doble-_JM,"$16,000,000",Carmen,1 De Mayo (Playón),2253 m²,,3,6,4,,4 años,,1159 m²,,,,,,,,,,,,,,
1365221327,campeche,casa,https://casa.metroscubicos.com/MLM-1365221327-casa-sola-en-venta-isla-aguada-_JM,"$650,000",Carmen,Isla De Aguada,200 mÂ²,,,,,,,,85 mÂ²,2,1,0 aÃ±os,,,,,,,,,,,
949394539,campeche,casa,https://casa.metroscubicos.com/MLM-949394539-casa-en-venta-colonia-petrolera-ciudad-del-carmen-_JM,"$5,500,000",Campeche,Carmen,345 m²,,3,3,2,2,20 años,0 MXN,,,,,,,,,,,,,,,
941955055,campeche,venta,https://casa.metroscubicos.com/MLM-941955055-venta-en-fracc-18-de-marzo-_JM,"$2,600,000",Carmen,18 de Marzo,200 m²,9,4,4,1,,0 años,,1 m²,,,,,,,,,,,,,,
1417062398,campeche,casa,https://casa.metroscubicos.com/MLM-1417062398-casa-en-venta-en-palmira-carmen-campeche-dcch-_JM,"$1,417,112",Carmen,Palmiras,100 m²,,2,2,1,1,12 años,,120 m²,,,,,,,,,,,,,,
1394398026,campeche,casa,https://casa.metroscubicos.com/MLM-1394398026-casa-sola-en-venta-capistrano-_JM,"$1,100,000",Carmen,Fraccionamiento Capistrano,63 m²,,2,3,,,0 años,,100 m²,,,,,,,,,,,,,,
1405601486,campeche,bonita,https://casa.metroscubicos.com/MLM-1405601486-bonita-casa-en-villas-de-santa-ana-_JM,"$585,000",Carmen,1 De Mayo (Playón),42 m²,,1,1,,,11 años,,60 m²,,,,,,,,,,,,,,
1417088686,campeche,casa,https://casa.metroscubicos.com/MLM-1417088686-casa-en-venta-en-santa-rita-carmen-campeche-dcch-_JM,"$1,949,370",Carmen,Santa Rita,100 m²,,2,2,1,1,12 años,,110 m²,,,,,,,,,,,,,,
1338011332,campeche,villas,https://casa.metroscubicos.com/MLM-1338011332-villas-de-santa-ana-_JM,"$650,000",Carmen,1 De Mayo (Playón),42 m²,,2,1,1,,16 años,,88 m²,,,,,,,,,,,,,,
1384426716,campeche,casa,https://casa.metroscubicos.com/MLM-1384426716-casa-sola-en-venta-residencial-del-lago-_JM,"$3,200,000",Carmen,Residencial del Lago,360 m²,,3,4,,,0 años,,180 m²,,,,,,,,,,,,,,
871936819,campeche,venta,https://casa.metroscubicos.com/MLM-871936819-venta-en-fracc-bivalbo-_JM,"$4,300,000",Carmen,Bivalbo,840 m²,5,3,2,2,,0 años,,271 m²,,,,,,,,,,,,,,
1405595109,campeche,casa,https://casa.metroscubicos.com/MLM-1405595109-casa-en-calle-49-_JM,"$2,250,000",Carmen,Santa Margarita,410 m²,,2,2,2,,26 años,,120 m²,,,,,,,,,,,,,,
1400360963,campeche,casa,https://casa.metroscubicos.com/MLM-1400360963-casa-sola-en-venta-maderas-_JM,"$1,850,000",Carmen,Maderas,120 m²,,2,3,,,0 años,,112 m²,,,,,,,,,,,,,,
858516681,campeche,tierras,https://casa.metroscubicos.com/MLM-858516681-tierras-agricolas-a-pie-de-carretera-_JM,"$12,987,000",Campeche,Colonia San Francisco de Campeche Centro,3330000 m²,,,,,,0 años,,1 m²,,,,,,,,,,,,,,
1338011341,campeche,arrecifes,https://casa.metroscubicos.com/MLM-1338011341-arrecifes-residencial-_JM,"$612,000",Carmen,Residencial del Lago,160 mÂ²,,,,,,,,,,,0 aÃ±os,,,,,,,,,,,
1394340839,campeche,casa,https://casa.metroscubicos.com/MLM-1394340839-casa-sola-en-venta-real-del-carmen-_JM,"$2,580,000",Carmen,Real Del Carmen,180 m²,,3,3,,,0 años,,160 m²,,,,,,,,,,,,,,
1338004967,campeche,casa,https://casa.metroscubicos.com/MLM-1338004967-casa-en-venta-_JM,"$1,200,000",Carmen,Residencial San Miguel,61 m²,,2,2,1,,7 años,,135 m²,,,,,,,,,,,,,,
1408842990,campeche,casa,https://casa.metroscubicos.com/MLM-1408842990-casa-sola-en-venta-tecolutla-_JM,"$2,000,000",Carmen,Tecolutla,400 m²,,2,2,,,0 años,,400 m²,,,,,,,,,,,,,,
1421631392,campeche,casa,https://casa.metroscubicos.com/MLM-1421631392-casa-mision-del-carmen-_JM,"$708,000",Carmen,MisiÃ³n Del Carmen,90 mÂ²,,,,1,2,,0 MXN,,2,1,0 aÃ±os,,,,,,,,,,,
892643786,campeche,av,https://casa.metroscubicos.com/MLM-892643786-av-de-las-palmas-residencial-las-palmas-metepec-_JM,"$1,450,000",Carmen,Residencial Las Palmas,150 m²,,3,3,2,,,,270 m²,,,,,,,,,,,,,,
913300522,campeche,casas,https://casa.metroscubicos.com/MLM-913300522-casas-exclusivas-en-residencial-san-geronimo-cd-campeche-_JM,"$3,085,970",Campeche,Colonia Tepeyac,258.35 m²,,3,3,2,,,,229.36 m²,,,,,,,,,,,,,,
761649534,campeche,hermosa,https://casa.metroscubicos.com/MLM-761649534-hermosa-casa-colonial-con-amplio-terreno-en-campeche-_JM,"$4,500,000",Campeche,Colonia San Francisco de Campeche Centro,731 m²,5,3,2,,,,,225 m²,,,,,,,,,,,,,,
1374177690,campeche,casa,https://casa.metroscubicos.com/MLM-1374177690-casa-en-venta-en-calle-43-ciudad-del-carmen-campeche-rb-_JM,"$680,000",Carmen,Ciudad Del Carmen Centro,120 m²,,3,2,2,,,,120 m²,,,,,,,,,,,,,,
1308616418,campeche,casa,https://casa.metroscubicos.com/MLM-1308616418-casa-habitacion-con-privilegiado-terreno-y-area-excedente-_JM,"$1,200,000",Campeche,Carmen,219 m²,,2,2,1,,0 años,,75 m²,,,,,,,,,,,,,,
1318058404,campeche,venta,https://casa.metroscubicos.com/MLM-1318058404-venta-fracc-bugambilias-framboyanes-ciudad-del-carmen-_JM,"$2,000,000",Carmen,Bugambilias,1000 m²,,3,3,2,2,9 años,,156.82 m²,,,,Oriente,1,,,,,,,,,
1394215795,campeche,casa,https://casa.metroscubicos.com/MLM-1394215795-casa-sola-en-venta-hacienda-del-mar-_JM,"$1,890,000",Carmen,Hacienda del Mar,200 m²,,2,2,,,0 años,,120 m²,,,,,,,,,,,,,,
1353945661,campeche,casa,https://casa.metroscubicos.com/MLM-1353945661-casa-sola-en-venta-malibran-_JM,"$3,000,000",Carmen,Malibran,300 m²,,3,2,,,0 años,,200 m²,,,,,,,,,,,,,,
1398419090,campeche,casa,https://casa.metroscubicos.com/MLM-1398419090-casa-sola-en-venta-puerta-de-hierro-_JM,"$1,750,000",Carmen,Puerta De Hierro,98 m²,,2,2,,,0 años,,136 m²,,,,,,,,,,,,,,
1318175378,campeche,venta,https://casa.metroscubicos.com/MLM-1318175378-venta-fracc-bugambilias-framboyanes-ciudad-del-carmen-_JM,"$1,900,000",Carmen,Bugambilias,100 m²,,2,3,2,2,9 años,,120 m²,,,,Sur,1,,,,,,,,,
1396055627,campeche,casa,https://casa.metroscubicos.com/MLM-1396055627-casa-sola-en-venta-fracc-res-del-lago-_JM,"$2,350,000",Carmen,Fracc. Residencial Del Lago,300 m²,,2,2,,,0 años,,120 m²,,,,,,,,,,,,,,
1338056423,campeche,terreno,https://casa.metroscubicos.com/MLM-1338056423-terreno-en-venta-en-privada-_JM,"$1,150,000",Carmen,La Esperanza,250 m²,,,,,,0 años,,,,,,,,,,,,,,,,
1394220135,campeche,casa,https://casa.metroscubicos.com/MLM-1394220135-casa-sola-en-venta-isla-de-tris-_JM,"$2,050,000",Carmen,Isla de Tris,96 m²,,3,3,,,0 años,,120 m²,,,,,,,,,,,,,,
1400707747,campeche,casa,https://casa.metroscubicos.com/MLM-1400707747-casa-en-venta-en-fracc-pueblo-maya-campeche-dcch-_JM,"$1,082,290",Carmen,Fraccionamiento Pueblo Maya,120 m²,,2,1,1,1,12 años,,150 m²,,,,,,,,,,,,,,
871942867,campeche,casa,https://casa.metroscubicos.com/MLM-871942867-casa-en-venta-en-perla-del-golfo-_JM,"$1,800,000",Carmen,Perla del Golfo,160 m²,5,3,2,1,,0 años,,1 m²,,,,,,,,,,,,,,
865954596,campeche,casa,https://casa.metroscubicos.com/MLM-865954596-casa-en-colonia-playon-en-venta-_JM,"$1,600,000",Carmen,1 De Mayo (Playón),450 m²,6,3,3,3,,0 años,,1 m²,,,,,,,,,,,,,,
926161556,campeche,en,https://casa.metroscubicos.com/MLM-926161556-en-venta-san-miguel-ciudad-del-carmen-_JM,"$1,900,000",Carmen,Fraccionamiento Villa Encantada,87.28 m²,,3,3,1,2,10 años,,150.72 m²,,,,,1,,,,,,,,,
932308315,campeche,casa,https://casa.metroscubicos.com/MLM-932308315-casa-en-venta-en-col-santa-margarita-_JM,"$10,000,000",Carmen,Santa Margarita,400 m²,,4,4,5,,,,440 m²,,,,,,,,,,,,,,
932232210,campeche,casa,https://casa.metroscubicos.com/MLM-932232210-casa-en-fracc-mediterraneo-_JM,"$1,600,000",Carmen,Fraccionamiento Mediterráneo,200 m²,,3,3,1,2,,,250 m²,,,,,,,,,,,,,,
926197452,campeche,en,https://casa.metroscubicos.com/MLM-926197452-en-venta-reforma-ciudad-del-carmen-_JM,"$2,500,000",Carmen,Fraccionamiento Reforma II Sección,185.75 m²,,3,3,2,2,0 años,,162 m²,,,,,,,,,,,,,,
1349831660,campeche,casa,https://casa.metroscubicos.com/MLM-1349831660-casa-en-venta-campeche-valle-ceylan-tlalnepantla-_JM,"$2,215,319",Tlalnepantla de Baz,Valle Ceylan,200 m²,,3,2,1,,,,233 m²,,,,,,,,,,,,,,
1310381524,campeche,casa,https://casa.metroscubicos.com/MLM-1310381524-casa-en-venta-en-ciudad-del-carmen-campeche-vcr-_JM,"$2,640,928",Carmen,Bivalbo,246 m²,,3,2,1,2,,,202 m²,,,,,1,,,,,,,,,
932342476,campeche,casa,https://casa.metroscubicos.com/MLM-932342476-casa-en-venta-en-maderas-_JM,"$3,500,000",Carmen,Maderas,300 m²,,3,2,2,2,,,350 m²,,,,,1,,,,,,,,,
1374215830,campeche,casa,https://casa.metroscubicos.com/MLM-1374215830-casa-en-venta-en-privada-68-del-carmen-lomas-de-holche-campeche-rb-_JM,"$1,052,500",Carmen,Lomas De Holche,120 m²,,3,2,2,,,,120 m²,,,,,,,,,,,,,,
1346328523,campeche,casa,https://casa.metroscubicos.com/MLM-1346328523-casa-ubicada-en-ejido-san-baltazar-puebla-puebla-_JM,"$2,303,560",Puebla,San Baltasar Campeche,195 m²,,4,3,2,,,,400 m²,,,,,,,,,,,,,,
1374228837,campeche,casa,https://casa.metroscubicos.com/MLM-1374228837-casa-en-venta-en-andador-31-del-carmen-camaroneros-campeche-rb-_JM,"$1,135,000",Carmen,Fraccionamiento Camaroneros,120 m²,,3,2,2,,,,120 m²,,,,,,,,,,,,,,
1364413115,campeche,la,https://casa.metroscubicos.com/MLM-1364413115-la-casa-en-barrio-san-jose-campeche-campeche-_JM,"$2,937,000",Campeche,San José,90 m²,,2,1,1,,,0 MXN,90 m²,,,,,,,,,,,,,,
1321156201,campeche,casa,https://casa.metroscubicos.com/MLM-1321156201-casa-las-granjas-_JM,"$900,000",Campeche,Las Granjas,90 mÂ²,1,,,1,,,0 MXN,,2,1,0 aÃ±os,,,,,,,,,,,
1408167869,campeche,er,https://casa.metroscubicos.com/MLM-1408167869-er-venta-de-casa-en-carmen-santa-rita-campeche-_JM,"$1,949,370",Carmen,Santa Rita,168 mÂ²,,,,1,,,,190 mÂ²,3,3,,,,,,,,,,,,
1336295508,campeche,casa,https://casa.metroscubicos.com/MLM-1336295508-casa-en-venta-san-fco-de-campeche-centro-campeche-gjs-_JM,"$1,934,527",Campeche,Colonia San Francisco de Campeche Centro,150 m²,,3,2,1,,18 años,,120 m²,,,,,,,,,,,,,,
1364413190,campeche,la,https://casa.metroscubicos.com/MLM-1364413190-la-casa-en-venta-en-fracc-renovacion-del-carmen-campeche-_JM,"$1,814,000",Carmen,Renovación 2a Secc.,143 m²,,3,1,1,,,0 MXN,136 m²,,,,,,,,,,,,,,
938155926,campeche,casa,https://casa.metroscubicos.com/MLM-938155926-casa-en-venta-ciudad-del-carmen-23-de-julio-_JM,"$1,800,000",Carmen,23 De Julio,103.5 m²,1,3,3,2,2,7 años,,177.32 m²,,,,Oriente,,,,,,,,,,
1394215824,campeche,casa,https://casa.metroscubicos.com/MLM-1394215824-casa-sola-en-venta-real-del-carmen-_JM,"$2,900,000",Carmen,Real Del Carmen,170 m²,,4,4,,,0 años,,242 m²,,,,,,,,,,,,,,
1400298058,campeche,casa,https://casa.metroscubicos.com/MLM-1400298058-casa-sola-en-venta-puerta-de-hierro-_JM,"$1,400,000",Carmen,Puerta De Hierro,98 m²,,3,2,,,0 años,,105 m²,,,,,,,,,,,,,,
1395797924,campeche,casa,https://casa.metroscubicos.com/MLM-1395797924-casa-sola-en-venta-fracc-res-del-lago-_JM,"$2,800,000",Carmen,Fracc. Residencial Del Lago,200 m²,,3,4,,,0 años,,180 m²,,,,,,,,,,,,,,
1396706411,campeche,casa,https://casa.metroscubicos.com/MLM-1396706411-casa-sola-en-venta-las-huertas-_JM,"$2,400,000",Carmen,Fraccionamiento Las Huertas,200 m²,,4,3,,,0 años,,180 m²,,,,,,,,,,,,,,
1393677680,campeche,casa,https://casa.metroscubicos.com/MLM-1393677680-casa-sola-en-venta-morelos-_JM,"$4,000,000",Carmen,Morelos,300 m²,,3,3,,,0 años,,200 m²,,,,,,,,,,,,,,
1405619498,campeche,casa,https://casa.metroscubicos.com/MLM-1405619498-casa-en-isla-aguada-_JM,"$610,000",Carmen,1 De Mayo (PlayÃ³n),96 mÂ²,,,,,,,,56 mÂ²,2,1,7 aÃ±os,,,,,,,,,,,
1408741320,campeche,casa,https://casa.metroscubicos.com/MLM-1408741320-casa-sola-en-venta-hector-perez-martinez-_JM,"$1,400,000",Carmen,Dr. Hector Pérez Martínez,168 m²,,2,1,,,0 años,,168 m²,,,,,,,,,,,,,,
1405619483,campeche,comoda,https://casa.metroscubicos.com/MLM-1405619483-comoda-casa-en-villas-de-santa-ana-_JM,"$575,000",Carmen,1 De Mayo (Playón),42 m²,,1,1,,,11 años,,63 m²,,,,,,,,,,,,,,
1408747307,campeche,casa,https://casa.metroscubicos.com/MLM-1408747307-casa-sola-en-venta-morelos-_JM,"$3,500,000",Carmen,Morelos,400 m²,,2,2,,,0 años,,400 m²,,,,,,,,,,,,,,
1408741261,campeche,casa,https://casa.metroscubicos.com/MLM-1408741261-casa-sola-en-venta-santa-margarita-_JM,"$3,000,000",Carmen,Santa Margarita,400 m²,,3,2,,,0 años,,400 m²,,,,,,,,,,,,,,
1390467188,campeche,se,https://casa.metroscubicos.com/MLM-1390467188-se-vende-hermosa-casa-en-maderas-campeche-muy-cerca-del-aeropuerto-regalada-cc-_JM,"$385,000",Carmen,Maderas,210 m²,,4,3,,,,,199 m²,,,,,,,,,,,,,,
1365221455,campeche,casa,https://casa.metroscubicos.com/MLM-1365221455-casa-sola-en-venta-manigua-_JM,"$450,000",Carmen,Manigua,126 mÂ²,,,,,,,,126 mÂ²,1,1,0 aÃ±os,,,,,,,,,,,
1381155937,campeche,casa,https://casa.metroscubicos.com/MLM-1381155937-casa-en-venta-en-santa-ana-a-unos-minutos-del-centro-_JM,"$3,200,000",Campeche,Santa Ana,270 m²,,4,3,,2,,,250 m²,,,,,1,,,,,,,,,
1365113885,campeche,casa,https://casa.metroscubicos.com/MLM-1365113885-casa-sola-en-venta-santa-rita-ii-_JM,"$700,000",Carmen,Santa Margarita,120 mÂ²,,,,,,,,120 mÂ²,1,1,0 aÃ±os,,,,,,,,,,,
1394239410,campeche,casa,https://casa.metroscubicos.com/MLM-1394239410-casa-sola-en-venta-playa-palmas-_JM,"$3,385,000",Carmen,Playa Palmas,200 m²,,3,4,,,0 años,,200 m²,,,,,,,,,,,,,,
1394297536,campeche,casa,https://casa.metroscubicos.com/MLM-1394297536-casa-sola-en-venta-evergreen-_JM,"$2,450,000",Carmen,Fraccionamiento Evergreén,127 m²,,3,3,,,0 años,,170 m²,,,,,,,,,,,,,,
871936831,campeche,casas,https://casa.metroscubicos.com/MLM-871936831-casas-en-venta-en-fracc-esperanzas-_JM,"$2,700,000",Carmen,Privada Las Esperanzas,185 m²,7,3,3,2,,0 años,,162 m²,,,,,,,,,,,,,,
1394297534,campeche,casa,https://casa.metroscubicos.com/MLM-1394297534-casa-sola-en-venta-mediterraneo-_JM,"$1,700,000",Carmen,Mediterráneo,96 m²,,3,3,,,0 años,,156 m²,,,,,,,,,,,,,,
1308416159,campeche,mm72,https://casa.metroscubicos.com/MLM-1308416159-mm72-venta-de-casa-remate-bancario-en-puebla-puebla-_JM,"$1,696,900",Puebla,San Baltasar Campeche,246 m²,,3,2,,,,,267 m²,,,,,,,,,,,,,,
1394297538,campeche,casa,https://casa.metroscubicos.com/MLM-1394297538-casa-sola-en-venta-fracc-res-san-miguel-_JM,"$1,500,000",Carmen,Fraccionamiento Residencial San Miguel,91 m²,,3,2,,,0 años,,96 m²,,,,,,,,,,,,,,
1394340848,campeche,casa,https://casa.metroscubicos.com/MLM-1394340848-casa-sola-en-venta-bugambilias-_JM,"$1,850,000",Carmen,Bugambilias,98 m²,,3,3,,,0 años,,156 m²,,,,,,,,,,,,,,
1371875031,campeche,excelente,https://casa.metroscubicos.com/MLM-1371875031-excelente-remate-en-campeche-bcf-_JM,"$2,640,980",Carmen,Bivalbo,213 m²,,4,2,2,,,,390 m²,,,,,,,,,,,,,,
1380596399,campeche,casa,https://casa.metroscubicos.com/MLM-1380596399-casa-en-venta-fracc-privanzas-cd-del-carmen-campeche-gjs-_JM,"$1,873,625",Carmen,Fraccionamiento Privanzas,180 m²,,4,3,2,2,15 años,,240 m²,,,,,,,,,,,,,,
1308616432,campeche,casa,https://casa.metroscubicos.com/MLM-1308616432-casa-habitacion-con-02-departamentos-adicionales-_JM,"$1,300,000",Carmen,23 De Julio,300 m²,,4,3,2,,0 años,,176 m²,,,,,,,,,,,,,,
1410391106,campeche,cg,https://casa.metroscubicos.com/MLM-1410391106-cg-remate-d-casa-al-30-d-su-valor-comercial-en-santa-rita-cd-del-carmen-_JM,"$1,949,370",Carmen,Santa Rita,168 m²,,3,2,1,2,,,190 m²,,,,,,,,,,,,,,
1394791274,campeche,casa,https://casa.metroscubicos.com/MLM-1394791274-casa-sola-en-venta-fracc-res-del-lago-_JM,"$2,100,000",Carmen,Fracc. Residencial Del Lago,300 m²,,2,2,,,0 años,,100 m²,,,,,,,,,,,,,,
1421619456,campeche,jr,https://casa.metroscubicos.com/MLM-1421619456-jr-venta-de-bonita-casa-en-maderas-ciudad-del-carmen-_JM,"$1,080,404",Carmen,Maderas,107 m²,,3,2,1,1,,,107 m²,,,,,,,,,,,,,,
1405630863,campeche,local,https://casa.metroscubicos.com/MLM-1405630863-local-comercial-_JM,"$1,980,000",Carmen,1 De Mayo (Playón),165 m²,,1,,,,11 años,,190 m²,,,,,,,,,,,,,,
871936810,campeche,casa,https://casa.metroscubicos.com/MLM-871936810-casa-venta-residencial-mar-azul-modelo-mega-estudio-_JM,"$2,465,288",Carmen,Ciudad Del Carmen Centro,160 m²,7,3,3,1,,0 años,,161 m²,,,,,,,,,,,,,,
962373155,campeche,rancho,https://casa.metroscubicos.com/MLM-962373155-rancho-en-campeche-con-servicios-_JM,"$5,215,000",Campeche,Campeche 1,1490000 mÂ²,,,,,,,,1 mÂ²,,,0 aÃ±os,,,,,,,,,,,
1393684816,campeche,casa,https://casa.metroscubicos.com/MLM-1393684816-casa-en-remate-al-70-menos-d-su-valor-comercial-en-sta-rita-cd-del-carmen-cg-_JM,"$631,000",Carmen,Santa Rita,100 m²,,2,1,1,1,,,62 m²,,,,,,,,,,,,,,
871936811,campeche,venta,https://casa.metroscubicos.com/MLM-871936811-venta-casa-en-residencial-mar-azul-modelo-mega-plus-_JM,"$2,576,416,000",Carmen,Ciudad Del Carmen Centro,160 m²,6,3,2,2,,0 años,,176 m²,,,,,,,,,,,,,,
1413476967,campeche,casa,https://casa.metroscubicos.com/MLM-1413476967-casa-sola-en-venta-santa-rita-_JM,"$530,000",Carmen,Santa Rita,100 m²,,2,1,,,0 años,,62 m²,,,,,,,,,,,,,,
871940146,campeche,venta,https://casa.metroscubicos.com/MLM-871940146-venta-casas-modelo-plus-en-residencial-mar-azul-_JM,"$2,450,000",Carmen,Ciudad Del Carmen Centro,160 m²,7,3,3,2,,0 años,,139 m²,,,,,,,,,,,,,,
1400356618,campeche,casa,https://casa.metroscubicos.com/MLM-1400356618-casa-uso-de-suelo-en-venta-francisco-i-madero-_JM,"$4,500,000",Carmen,Francisco I Madero,500 m²,,9,9,,,0 años,,400 m²,,,,,,,,,,,,,,
1385252408,campeche,casa,https://casa.metroscubicos.com/MLM-1385252408-casa-en-venta-en-cuidad-del-carmen-campeche-jhg-_JM,"$432,000",Carmen,Maderas,90 m²,,2,1,1,,,,90 m²,,,,,,,,,,,,,,
1393710807,campeche,eh,https://casa.metroscubicos.com/MLM-1393710807-eh-preciosa-casa-en-maderas-ciudad-del-carmen-campeche-_JM,"$358,600",Carmen,Maderas,100 m²,,3,2,1,3,,,200 m²,,,,,,,,,,,,,,
1337706195,campeche,casa,https://casa.metroscubicos.com/MLM-1337706195-casa-hermosa-2-recamaras-privanza-campeche-gjs-_JM,"$1,873,625",Campeche,Otros,200 m²,,2,1,1,,,,180 m²,,,,,,,,,,,,,,
1393711293,campeche,eh,https://casa.metroscubicos.com/MLM-1393711293-eh-casa-en-maderas-ciudad-del-carmen-campeche-_JM,"$386,000",Carmen,Maderas,100 m²,,2,1,1,1,,,90 m²,,,,,,,,,,,,,,
1385993501,campeche,casa,https://casa.metroscubicos.com/MLM-1385993501-casa-sola-en-venta-justicia-social-_JM,"$618,000",Campeche,Lomas Delicias,175 m²,,2,1,,,0 años,,94 m²,,,,,,,,,,,,,,
1393665833,campeche,eh,https://casa.metroscubicos.com/MLM-1393665833-eh-oportunidad-de-casa-en-maderas-ciudad-del-carmen-campeche-_JM,"$386,000",Carmen,Maderas,100 m²,,2,1,1,1,,,90 m²,,,,,,,,,,,,,,
1393280041,campeche,eh,https://casa.metroscubicos.com/MLM-1393280041-eh-oportunidad-de-casa-en-maderas-campeche-_JM,"$333,000",Carmen,Maderas,100 m²,,2,1,1,1,,,90 m²,,,,,,,,,,,,,,
1402404794,campeche,casa,https://casa.metroscubicos.com/MLM-1402404794-casa-sola-en-venta-barrio-de-san-jose-_JM,"$2,400,300",Campeche,San José,350 m²,,3,2,,,0 años,,350 m²,,,,,,,,,,,,,,
1393214678,campeche,eh,https://casa.metroscubicos.com/MLM-1393214678-eh-preciosa-casa-en-maderas-campeche-_JM,"$385,000",Carmen,Maderas,100 m²,,3,2,1,3,,,200 m²,,,,,,,,,,,,,,
1384372632,campeche,casa,https://casa.metroscubicos.com/MLM-1384372632-casa-sola-en-venta-san-baltazar-campeche-_JM,"$1,576,000",Puebla,San Baltasar Campeche,246 m²,,3,2,,,0 años,,267 m²,,,,,,,,,,,,,,
1400013370,campeche,casa,https://casa.metroscubicos.com/MLM-1400013370-casa-sola-en-venta-buenavista-_JM,"$693,900",Carmen,Fraccionamiento Buenavista,100 m²,,3,2,,,0 años,,100 m²,,,,,,,,,,,,,,
1393275570,campeche,eh,https://casa.metroscubicos.com/MLM-1393275570-eh-casa-en-maderas-campeche-_JM,"$358,300",Carmen,Maderas,100 m²,,2,1,1,1,,,90 m²,,,,,,,,,,,,,,
1393233697,campeche,eh,https://casa.metroscubicos.com/MLM-1393233697-eh-oportunidad-de-bonita-casa-en-maderas-campeche-_JM,"$385,000",Carmen,Maderas,100 m²,,2,1,1,1,,,90 m²,,,,,,,,,,,,,,
1405713080,campeche,casa,https://casa.metroscubicos.com/MLM-1405713080-casa-sola-en-venta-bivalbo-_JM,"$2,815,200",Carmen,Bivalbo,300 m²,,3,2,,,0 años,,300 m²,,,,,,,,,,,,,,
1337712789,campeche,casa,https://casa.metroscubicos.com/MLM-1337712789-casa-hermosa-2-recamaras-centro-campeche-gjs-_JM,"$1,934,527",Campeche,Otros,75 m²,,2,1,,1,,,75 m²,,,,,,,,,,,,,,
1365253686,campeche,casa,https://casa.metroscubicos.com/MLM-1365253686-casa-sola-en-venta-miguel-de-la-madrid-_JM,"$1,850,000",Carmen,Miguel De La Madrid,96 m²,,2,3,,,0 años,,96 m²,,,,,,,,,,,,,,
871942883,campeche,casa,https://casa.metroscubicos.com/MLM-871942883-casa-en-venta-en-mar-azul-modelo-super-mega-_JM,"$2,596,259",Carmen,Ciudad Del Carmen Centro,160 m²,7,3,3,2,,0 años,,179 m²,,,,,,,,,,,,,,
1415862061,campeche,casa,https://casa.metroscubicos.com/MLM-1415862061-casa-en-venta-fracc-sta-rita-iii-cd-del-carmen-campeche-gjs-_JM,"$750,000",Carmen,Fraccionamiento Santa Rita III,65 m²,,2,2,1,1,10 años,,100 m²,,,,,,,,,,,,,,
1411501812,campeche,gs,https://casa.metroscubicos.com/MLM-1411501812-gs-casa-en-venta-por-remate-bancario-_JM,"$1,949,370",Carmen,Santa Rita,130 m²,,3,2,2,,,,95 m²,,,,,,,,,,,,,,
1415805896,campeche,casa,https://casa.metroscubicos.com/MLM-1415805896-casa-en-venta-fraccsta-rita-cd-del-carmen-campeche-gjs-_JM,"$750,000",Carmen,Fraccionamiento Santa Rita III,65 m²,,2,2,1,1,10 años,,100 m²,,,,,,,,,,,,,,
1409631420,campeche,venta,https://casa.metroscubicos.com/MLM-1409631420-venta-de-casa-maderas-cd-del-carmen-campeche-st3589-dm-_JM,"$278,921",Carmen,Maderas,95 m²,,3,1,2,,,,85 m²,,,,,,,,,,,,,,
1410375033,campeche,dm1,https://casa.metroscubicos.com/MLM-1410375033-dm1-casa-de-remate-bancario-en-coctera-v-palma-real-campeche-_JM,"$327,035",Campeche,Fraccionamiento Cocotero de las Palmas,120 m²,,3,2,1,2,,,180 m²,,,,,,,,,,,,,,
1410125742,campeche,dm1,https://casa.metroscubicos.com/MLM-1410125742-dm1-casa-de-remate-bancario-en-jabin-pueblo-maya-maderas-campeche-_JM,"$278,921",Carmen,Fraccionamiento Pueblo Maya,90 m²,,2,1,1,,,,90 m²,,,,,,,,,,,,,,
1409777318,campeche,dm1,https://casa.metroscubicos.com/MLM-1409777318-dm1-casa-de-remate-en-fracc-santa-monica-villas-de-san-jose-carmen-campeche-_JM,"$421,645",Carmen,Fraccionamiento Santa Mónica,65 m²,,2,1,1,,,,65 m²,,,,,,,,,,,,,,
1394781266,campeche,casa,https://casa.metroscubicos.com/MLM-1394781266-casa-en-venta-barrio-san-jose-campeche-camp-gjs-_JM,"$2,176,900",Campeche,San José,120 m²,,3,3,1,2,18 años,,180 m²,,,,,,,,,,,,,,
1411574793,campeche,st1033,https://casa.metroscubicos.com/MLM-1411574793-st1033-casa-en-remate-en-carmen-campeche-dm-_JM,"$1,417,112",Carmen,Fraccionamiento Palmira,80 m²,1,2,1,1,2,7 años,,98 m²,,,,,,,,,,,,,,
1410390334,campeche,dm1,https://casa.metroscubicos.com/MLM-1410390334-dm1-casa-de-remate-bancario-en-santa-rita-carmen-campeche-_JM,"$1,949,370",Carmen,Santa Rita,150 m²,,2,1,1,,,,150 m²,,,,,,,,,,,,,,
1355970738,campeche,hm,https://casa.metroscubicos.com/MLM-1355970738-hm-casa-en-venta-lomas-de-san-rafael-campeche-_JM,"$1,420,000",Campeche,Lomas De San Rafael,89 m²,,4,1,1,,,,89 m²,,,,,,,,,,,,,,
880414337,campeche,casa,https://casa.metroscubicos.com/MLM-880414337-casa-en-parque-campeche-_JM,"$3,550,000",San Andrés Cholula,Lomas de Angelópolis,151 m²,,4,4,2,2,1 años,,270 m²,,,,,,,,,,,,,,
1355977069,campeche,hm,https://casa.metroscubicos.com/MLM-1355977069-hm-casa-en-venta-san-jose-campeche-_JM,"$2,971,000",Campeche,San José,77 m²,,2,1,1,,,,77 m²,,,,,,,,,,,,,,
1424291939,campeche,venta,https://casa.metroscubicos.com/MLM-1424291939-venta-totalmente-nueva-hermosa-casa-minimalista-fraccionamiento-excelente-zona-trato-directo-_JM,"$2,850,000",Carmen,Fraccionamiento Raíces,120 m²,9,4,4,2,2,0 años,500 MXN,180 m²,,,,Poniente,1,,,,,,,,,
1398838221,campeche,vendo,https://casa.metroscubicos.com/MLM-1398838221-vendo-o-rento-casa-grande-centrica-en-privada-_JM,"$2,599,900",Campeche,San Francisco,190 m²,,4,4,4,2,,,280 m²,,,,,1,Casa en fraccionamiento,,,,,,,,
1404030233,campeche,oportunidad,https://casa.metroscubicos.com/MLM-1404030233-oportunidad-vendo-casa-residencial-junto-liverpool-y-malecon-alta-plusvalia-_JM,"$3,600,000",Campeche,Fraccionamiento Cocotero de las Palmas,250 m²,,3,4,2,2,15 años,,180 m²,,,,Sur,1,,,,,,,,,
1420370340,campeche,2,https://casa.metroscubicos.com/MLM-1420370340-2-recamaras-1-bano-venta-de-casa-_JM,"$1,050,000",Campeche,Jardines,200 m²,,2,1,1,,,,200 m²,,,,,,,,,,,,,,
1424718837,campeche,casa,https://casa.metroscubicos.com/MLM-1424718837-casa-en-venta-a-pocos-kilometros-del-centro-historico-de-la-ciudad-de-campeche-mexico-_JM,"$1,550,000",Campeche,San Roman,14280 m²,,1,1,1,1,,,8041 m²,,,,,,,,,,,,,,
1408266253,campeche,venta,https://casa.metroscubicos.com/MLM-1408266253-venta-de-casa-en-campeche-campeche-_JM,"$1,500,000",Campeche,Lerma,319 m²,,2,1,1,,,,170 m²,,,,,,,,,,,,,,
1323300240,campeche,vendo,https://departamento.metroscubicos.com/MLM-1323300240-vendo-departamento-campeche-252-hipodromo-condesa-_JM,"$5,000,000",Cuauhtémoc,Condesa,110 m²,,2,2,2,2,10 años,1300 MXN,110 m²,,,,Oriente,,,4,1,Interno,,,,,
1426096534,campeche,20727,https://departamento.metroscubicos.com/MLM-1426096534-20727-campeche-hipodromo-_JM,"$6,200,000",Cuauhtémoc,Hipódromo,110 m²,,2,2,2,,,,110 m²,,,,,,,,,,,,,,
1415285614,campeche,campeche,https://departamento.metroscubicos.com/MLM-1415285614-campeche-condesa-_JM,"$6,200,000",Cuauhtémoc,Hipódromo,113 m²,3,2,1,1,,77 años,,113 m²,,,,,,,,,,,,,,
949383368,campeche,departamento,https://departamento.metroscubicos.com/MLM-949383368-departamento-en-venta-valle-poniente-santa-catarina-_JM,"$4,510,000",Carmen,El Aguacatal,72 mÂ²,,,,,1,,0 MXN,,1,,0 aÃ±os,,,,,,,,,,,
962870525,campeche,venta,https://departamento.metroscubicos.com/MLM-962870525-venta-departamento-2-recamaras-campeche-country-club-_JM,"U$S370,000",Campeche,Lerma,137 m²,4,2,2,,,0 años,,137 m²,,,,,,,,,,,,,,
1380119909,campeche,departamento,https://departamento.metroscubicos.com/MLM-1380119909-departamento-venta-valle-poniente-el-aguacatal-_JM,"$3,800,000",Carmen,El Aguacatal,67 mÂ²,6,,,2,1,,0 MXN,67 mÂ²,1,1,0 aÃ±os,,,,,,,,,,,
1378046853,campeche,15075,https://departamento.metroscubicos.com/MLM-1378046853-15075-2priv-plan-de-guadalupe-san-baltazar-campeche-_JM,"$1,700,000",Puebla,San Baltasar Campeche,124 m²,,3,2,1,,,,124 m²,,,,,,,,,,,,,,
1410860060,campeche,18987,https://departamento.metroscubicos.com/MLM-1410860060-18987-campeche-hipodromo-_JM,"$5,300,000",Cuauhtémoc,Hipódromo,106 m²,,2,2,1,,,,106 m²,,,,,,,,,,,,,,
1380138266,campeche,departamento,https://departamento.metroscubicos.com/MLM-1380138266-departamento-venta-valle-poniente-el-aguacatal-_JM,"$4,000,000",Carmen,El Aguacatal,75 mÂ²,8,,,2,1,,0 MXN,75 mÂ²,2,2,0 aÃ±os,,,,,,,,,,,
1408374429,campeche,venta,https://departamento.metroscubicos.com/MLM-1408374429-venta-de-departamentos-colonia-el-lechugal-zona-santa-catarina-_JM,"$2,887,752",Champotón,El Lechugal,74 m²,,2,2,,1,0 años,0 MXN,74 m²,,,,,,,,,,,,,,
957854836,campeche,departamento,https://departamento.metroscubicos.com/MLM-957854836-departamento-el-lechugal-_JM,"$2,890,000",Champotón,El Lechugal,74 m²,,2,2,1,,0 años,0 MXN,74 m²,,,,,,,,,,,,,,
1408281864,campeche,departamento,https://departamento.metroscubicos.com/MLM-1408281864-departamento-en-venta-el-lechugal-zona-santa-catarina-_JM,"$3,308,744",Champotón,El Lechugal,93 m²,,3,2,2,,0 años,0 MXN,93 m²,,,,,,,,,,,,,,
815156326,campeche,departamento,https://departamento.metroscubicos.com/MLM-815156326-departamento-atasta-_JM,"$2,300,000",Carmen,Atasta,151 m²,,3,2,2,2,0 años,0 MXN,151 m²,,,,,,,,,,,,,,
1390014125,campeche,16575,https://departamento.metroscubicos.com/MLM-1390014125-16575-campeche-roma-sur-_JM,"$4,895,000",Cuauhtémoc,Roma Sur,91 m²,,2,2,1,,,,91 m²,,,,,,,,,,,,,,
1412146231,campeche,venta,https://departamento.metroscubicos.com/MLM-1412146231-venta-de-departamentos-frente-al-mar-en-el-country-club-campeche-_JM,"U$S289,916",Campeche,Campeche,99 mÂ²,,,,1,,,,99 mÂ²,2,2,0 aÃ±os,,,,,,,,,,,
1391065981,campeche,departamento,https://departamento.metroscubicos.com/MLM-1391065981-departamento-en-venta-balancancito-_JM,"$3,255,000",Candelaria,Rancho Balancancito,,,,,,,,,89 mÂ²,2,2,0 aÃ±os,,,,,,,,,,,
1390639136,campeche,departamento,https://departamento.metroscubicos.com/MLM-1390639136-departamento-en-venta-balancancito-_JM,"$5,932,500",Candelaria,Rancho Balancancito,,,,,,,,,198 mÂ²,3,2,0 aÃ±os,,,,,,,,,,,
949394332,campeche,venta,https://departamento.metroscubicos.com/MLM-949394332-venta-departamento-distrito-domo-santa-catarina-_JM,"$2,887,752",ChampotÃ³n,El Lechugal,74 mÂ²,,,,2,,,0 MXN,,2,,0 aÃ±os,,,,,,,,,,,
1408988807,campeche,departamento,https://departamento.metroscubicos.com/MLM-1408988807-departamento-el-aguacatal-_JM,"$3,533,181",Carmen,El Aguacatal,74 mÂ²,,,,,,,0 MXN,,2,2,0 aÃ±os,,,,,,,,,,,
1398629145,campeche,17778,https://departamento.metroscubicos.com/MLM-1398629145-17778-campeche-hipodromo-_JM,"$5,300,000",Cuauhtémoc,Hipódromo,110 m²,,2,2,2,,,,110 m²,,,,,,,,,,,,,,
1399446549,campeche,17790,https://departamento.metroscubicos.com/MLM-1399446549-17790-campeche-hipodromo-condesa-_JM,"U$S16,300,000",Cuauhtémoc,Hipodromo Condesa,235 m²,,3,3,2,,,,235 m²,,,,,,,,,,,,,,
949386997,campeche,pre,https://departamento.metroscubicos.com/MLM-949386997-pre-venta-departamento-torre-caliza-valle-poniente-santa-catarina-_JM,"$2,600,000",ChampotÃ³n,El Lechugal,80 mÂ²,,,,1,1,,0 MXN,,2,2,0 aÃ±os,,,,,,,,,,,
1317108580,campeche,228,https://departamento.metroscubicos.com/MLM-1317108580-228-campeche-hipodromo-_JM,"$7,750,000",Cuauhtémoc,Hipódromo,143 m²,,3,1,,,,,143 m²,,,,,,,,,,,,,,
1394340849,campeche,departamento,https://departamento.metroscubicos.com/MLM-1394340849-departamento-en-venta-bicentenario-_JM,"$800,000",Carmen,Vicente Guerrero 1,,,2,1,,,0 años,,100 m²,,,,,,,,,,,,,,
1353915250,campeche,departamento,https://departamento.metroscubicos.com/MLM-1353915250-departamento-en-venta-luis-donaldo-colosio-_JM,"$1,500,000",Carmen,Luis Donaldo Colosio,,,4,4,,,0 años,,128 m²,,,,,,,,,,,,,,
949386994,campeche,pre,https://departamento.metroscubicos.com/MLM-949386994-pre-venta-departamento-torre-caliza-valle-poniente-santa-catarina-_JM,"$2,100,000",ChampotÃ³n,El Lechugal,60 mÂ²,,,,1,1,,0 MXN,4 mÂ²,2,2,0 aÃ±os,,,,,,,,,,,
1404858466,campeche,calle,https://departamento.metroscubicos.com/MLM-1404858466-calle-en-golfo-de-campeche-tacuba-miguel-hidalgo-cdmx-syp-_JM,"$1,970,700",Miguel Hidalgo,Tacuba,139 m²,,3,2,1,,,,139 m²,,,,,,,,,,,,,,
1403879515,campeche,amplio,https://departamento.metroscubicos.com/MLM-1403879515-amplio-depa-en-gofo-de-campeche-tacuba-oportunidad-fvc-_JM,"$1,970,700",Miguel Hidalgo,Tacuba,139 m²,,3,2,1,,,,139 m²,,,,,1,,,,,,,,,
1407963817,campeche,excelente,https://departamento.metroscubicos.com/MLM-1407963817-excelente-departamento-en-golfo-de-campeche-tacuba-oportunidad-aefp-_JM,"$1,970,700",Miguel Hidalgo,Tacuba,139 m²,,3,2,1,,,,139 m²,,,,,,,,,,,,,,
1383064456,campeche,departamento,https://departamento.metroscubicos.com/MLM-1383064456-departamento-lerma-_JM,"$2,450,000",Campeche,Lerma,90 mÂ²,,,,2,1,,0 MXN,,2,2,0 aÃ±os,,,,,,,,,,,
1399982235,campeche,17934,https://departamento.metroscubicos.com/MLM-1399982235-17934-campeche-hipodromo-_JM,"$6,750,000",Cuauhtémoc,Hipódromo,173 m²,,3,1,,,,,173 m²,,,,,,,,,,,,,,
1414367834,campeche,venta,https://departamento.metroscubicos.com/MLM-1414367834-venta-de-departamentos-en-el-country-club-campeche-_JM,"U$S158,361",Campeche,Campeche,40 mÂ²,,,,1,,,,40 mÂ²,2,2,0 aÃ±os,,,,,,,,,,,
1395387224,campeche,se,https://departamento.metroscubicos.com/MLM-1395387224-se-vende-hermosa-casa-en-maderas-campeche-muy-cerca-del-aeropuerto-regalada-cc-_JM,"$385,000",Carmen,Maderas,199 m²,,4,2,,,,,210 m²,,,,,,,,,,,,,,
1422820808,campeche,departamento,https://departamento.metroscubicos.com/MLM-1422820808-departamento-circuito-juan-pablo-2o-_JM,"$610,000",Puebla,San Baltasar Campeche,53 m²,,2,1,,,,,53 m²,,,,,,,,,,,,,,
1400524327,campeche,campeche,https://departamento.metroscubicos.com/MLM-1400524327-campeche-252-en-la-emblematica-colonia-condesa-_JM,"$5,900,000",Cuauhtémoc,Hipodromo Condesa,110 m²,,2,2,2,5,14 años,,110 m²,,,,,,,2,5,,,,,,
1407728594,campeche,terreno,https://terreno.metroscubicos.com/MLM-1407728594-terreno-en-venta-en-campeche-175-o-350-hectareas-campeche-_JM,"$4,900,000",ChampotÃ³n,Sihochac,175 mÂ²,,,,,,,0 MXN,,,,,,,,,,,Otro,,,,
952056815,campeche,exclusivo,https://terreno.metroscubicos.com/MLM-952056815-exclusivo-terreno-en-country-club-campeche-con-vista-al-mar-_JM,"$6,995,000",Campeche,Campeche 1,814 m²,,,,,,,,,,,,,,,,,,Otro,,,,
865954668,campeche,lotes,https://terreno.metroscubicos.com/MLM-865954668-lotes-en-carretera-puerto-real-_JM,"$720,000",Carmen,Ciudad Del Carmen Centro,1 mÂ²,,,,,,,,,,,,,,,,,,Otro,,,,
865954603,campeche,terreno,https://terreno.metroscubicos.com/MLM-865954603-terreno-con-casa-en-km-35-_JM,"$6,000,000",Carmen,Ciudad Del Carmen Centro,1 m²,,,,,,,,,,,,,,,,,,Otro,,,,
808589991,campeche,terreno,https://terreno.metroscubicos.com/MLM-808589991-terreno-aquiles-serdan-_JM,"$1,250",ChampotÃ³n,Aquiles SerdÃ¡n,2000 mÂ²,,,,,,,0 MXN,,,,,,,,,,,Otro,,,,
1358206201,campeche,rancho,https://terreno.metroscubicos.com/MLM-1358206201-rancho-agricola-ganadero-en-venta-de-90-hectareas-en-champoton-campeche-_JM,"$8,199,987",Campeche,Champotón,900000 m²,,,,,,,0 MXN,,,,,,,,,,,Otro,,,,
1402404208,campeche,terreno,https://terreno.metroscubicos.com/MLM-1402404208-terreno-rustico-en-venta-16-hectareas-sobre-carretera-_JM,"$3,600,000",Carmen,Isla De Aguada,80000 mÂ²,,,,,,,,,,,,,,,,,,-,,,,
1326022066,campeche,venta,https://terreno.metroscubicos.com/MLM-1326022066-venta-199-hectareas-para-cultivo-y-ganado-_JM,"$9,950,000",Carmen,Ciudad Del Carmen Centro,1990000 mÂ²,,,,,,,,,,,,,,,,,,Otro,,,,
865958187,campeche,terreno,https://terreno.metroscubicos.com/MLM-865958187-terreno-comercial-industrial-con-oficinas-y-galera-_JM,"$37,000,000",Carmen,Isla de Tris,1 m²,,,,,,,,,,,,,,,,,,Otro,,,,
1358183670,campeche,terrenos,https://terreno.metroscubicos.com/MLM-1358183670-terrenos-en-venta-los-6-lotes-juntos-son-14683-has-xpujil-calakmul-campeche-_JM,"$160,662,000",Calakmul,Xpujil,146834700 m²,,,,,,,0 MXN,,,,,,,,,,,Otro,,,,
865961816,campeche,terreno,https://terreno.metroscubicos.com/MLM-865961816-terreno-en-country-club-_JM,"$1,600,000",Carmen,Bivalbo,225 mÂ²,,,,,,,,,,,,,,,,,,Otro,,,,
871940121,campeche,vendo,https://terreno.metroscubicos.com/MLM-871940121-vendo-dos-terrenos-en-playa-en-km-35-_JM,"$2,000",Carmen,Isla de Tris,1400 m²,,,,,,,,,,,,,,,,,,Otro,,,,
927570292,campeche,104,https://terreno.metroscubicos.com/MLM-927570292-104-has-en-el-valle-de-campeche-para-agricultura-o-ganaderia-_JM,"$2,995,000",Campeche,Otros,1043800 mÂ²,,,,,,,,,,,,,,,,,,Otro,,,,
752961405,campeche,terrenos,https://terreno.metroscubicos.com/MLM-752961405-terrenos-en-venta-en-la-bahia-de-champoton-campeche-_JM,"$1,500",ChampotÃ³n,Otros,1500 mÂ²,,,,,,,,,,,,,,,,,,Otro,,,,
865954632,campeche,terreno,https://terreno.metroscubicos.com/MLM-865954632-terreno-en-privada-punta-del-este-_JM,"$2,200,000",Carmen,Real Del Carmen,640 mÂ²,,,,,,,,,,,,,,,,,,Otro,,,,
927594914,campeche,excelente,https://terreno.metroscubicos.com/MLM-927594914-excelente-rancho-agricola-y-ganadero-listo-para-trabajar-_JM,"$72,600,000",ChampotÃ³n,Champoton,6050000 mÂ²,,,,,,,,,,,,,,,,,,Otro,,,,
1417747326,campeche,terreno,https://terreno.metroscubicos.com/MLM-1417747326-terreno-ejido-uayamon-_JM,"$262,546",Campeche,Uayamon,920 mÂ²,,,,,,,0 MXN,,,,,,,,,,,Otro,,,,
1398171663,campeche,santa,https://terreno.metroscubicos.com/MLM-1398171663-santa-ana-campeche-propiedad-ubicada-a-10-min-del-malecon-_JM,"$9,500,000",Campeche,Santa Ana,3575 mÂ²,,,,,,,,,,,,,,,,,,Otro,,,,
1402436577,campeche,terreno,https://terreno.metroscubicos.com/MLM-1402436577-terreno-en-venta-en-playa-de-sabancuy-campeche-_JM,"U$S40,000",Carmen,Sabancuy,60008 m²,,,,,,,,,,,,,,,,,,-,,,,
954695754,campeche,terreno,https://terreno.metroscubicos.com/MLM-954695754-terreno-en-residencial-san-lorenzo-en-primera-fila-_JM,"$1,200,000",Campeche,Ejido San Lorenzo,716 mÂ²,,,,,,,0 MXN,,,,,,,,,,,Otro,,,,
1400706798,campeche,terreno,https://terreno.metroscubicos.com/MLM-1400706798-terreno-san-joaquin-_JM,"$42,339,385",Campeche,San JoaquÃ­n,5292423 mÂ²,,,,,,,0 MXN,,,,,,,,,,,Otro,,,,
1365298278,campeche,terreno,https://terreno.metroscubicos.com/MLM-1365298278-terreno-en-venta-isla-aguada-_JM,"$1,200,000",Carmen,Isla De Aguada,1560 mÂ²,,,,,,,,,,,,,,,,,,-,,,,
1416245773,campeche,terreno,https://terreno.metroscubicos.com/MLM-1416245773-terreno-en-venta-en-exclusivo-country-club-campeche-1086-metros-cuadrados-con-vista-al-mar-_JM,"$9,777,240",Carmen,Colonia 1 de Mayo (Playón),1086 m²,,,,,,,,,,,,,,,,,,-,,,,
949862852,campeche,la,https://terreno.metroscubicos.com/MLM-949862852-la-vida-se-disfruta-pero-si-es-en-campeche-country-club-dif-_JM,"$1,300,000",Campeche,Campeche 1,500 mÂ²,,,,,,,,,,,,,,,,,,Otro,,,,
1314234510,campeche,terreno,https://terreno.metroscubicos.com/MLM-1314234510-terreno-en-venta-de-6400-mts-en-tenabo-campeche-_JM,"$291,000",Tenabo,Colonia Tenabo Centro,6400 mÂ²,,,,,,,,,,,,,,,,,,Otro,,,,
1387828237,campeche,macrolotes,https://terreno.metroscubicos.com/MLM-1387828237-macrolotes-agricola-en-venta-champoton-campeche-_JM,"$80,183",ChampotÃ³n,Champoton,2500 mÂ²,,,,,,,,,,,,,,,,,,Otro,,,,
1402392468,campeche,venta,https://terreno.metroscubicos.com/MLM-1402392468-venta-de-terreno-rustico-a-30-minutos-de-isla-aguada-campeche-_JM,"$3,600,000",Carmen,Sabancuy,81747 mÂ²,,,,,,,,,,,,,,,,,,-,,,,
1387209033,campeche,venta,https://terreno.metroscubicos.com/MLM-1387209033-venta-1500-ha-entre-pomuch-y-tenabo-_JM,"$45,000",Tenabo,Colonia Tenabo Centro,,,,,,,,,,,,,,,,,,,Otro,,,,
1402417247,campeche,en,https://terreno.metroscubicos.com/MLM-1402417247-en-venta-terreno-de-inversion-en-cerca-del-cerro-de-buena-ventura-champoton-campeche-_JM,"$3,150,000",ChampotÃ³n,Ejido Buenaventura,900000 mÂ²,,,,,,,,,,,,,,,,,,-,,,,
1385552175,campeche,terreno,https://terreno.metroscubicos.com/MLM-1385552175-terreno-comercial-en-venta-san-baltazar-campeche-_JM,"$2,700,000",Puebla,San Baltasar Campeche,258 mÂ²,,,,,,,,,,,,,,,,,,-,,,,
1402417265,campeche,terreno,https://terreno.metroscubicos.com/MLM-1402417265-terreno-en-venta-a-orilla-del-mar-en-sabancuy-_JM,"U$S37,000",Campeche,Champotón,,,,,,,,,,,,,,,,,,,-,,,,
1363014049,campeche,terrenos,https://terreno.metroscubicos.com/MLM-1363014049-terrenos-en-venta-en-prado-campeche-_JM,"$18,725,000",Campeche,Prado,5350 m²,,,,,,,,,,,,,,,,,,-,,,,
1387517670,campeche,se,https://terreno.metroscubicos.com/MLM-1387517670-se-vende-terreno-de-oportunidad--_JM,"$13,500,000",Hopelchen,Colonia Hopelchen Centro,12849730 mÂ²,,,,,,,,,,,,,,,,,,Otro,,,,
942740170,campeche,terrenos,https://terreno.metroscubicos.com/MLM-942740170-terrenos-en-arrecifes-en-venta-_JM,"$6,420,000",Carmen,Ciudad Del Carmen Centro,1 m²,,,,,,,,,,,,,,,,,,Otro,,,,
1416252037,campeche,venta,https://terreno.metroscubicos.com/MLM-1416252037-venta-terreno-en-col-bellavista-_JM,"$430,000",Campeche,Bellavista,160 mÂ²,,,,,,,,,,,,,,,,,,-,,,,
1363352740,campeche,terreno,https://terreno.metroscubicos.com/MLM-1363352740-terreno-en-venta-isla-aguada-_JM,"$700,000",Carmen,Isla De Aguada,400 mÂ²,,,,,,,,,,,,,,,,,,-,,,,
1376757401,campeche,terreno,https://terreno.metroscubicos.com/MLM-1376757401-terreno-comercial-en-venta-santa-amalia-_JM,"$39,800,000",Campeche,ChampotÃ³n,30000000 mÂ²,,,,,,,,,,,,,,,,,,-,,,,
927589989,campeche,terreno,https://terreno.metroscubicos.com/MLM-927589989-terreno-a-orilla-de-playa-en-sabancuy-campeche-a-35-kms-de-isla-aguada-_JM,"$1,780,000",Carmen,Sabancuy,840 m²,,,,,,,,,,,,,,,,,,Otro,,,,
951641336,campeche,se,https://terreno.metroscubicos.com/MLM-951641336-se-venden-470-hectareas-en-candelaria-camp-_JM,"$50,000",Candelaria,Candelaria Centro,4700000 mÂ²,,,,,,,,,,,,,,,,,,Otro,,,,
1422690257,campeche,terreno,https://terreno.metroscubicos.com/MLM-1422690257-terreno-comercial-en-venta-malecon-_JM,"$45,000,000",ChampotÃ³n,Conhuas,1370000 mÂ²,,,,,,,,,,,,,,,,,,-,,,,
1403091652,campeche,terreno,https://terreno.metroscubicos.com/MLM-1403091652-terreno-champoton-_JM,"$300,000",Campeche,ChampotÃ³n,542 ha,,,,,,,0 MXN,,,,,,,,,,,Otro,,,,
932860788,campeche,terreno,https://terreno.metroscubicos.com/MLM-932860788-terreno-en-la-calle-53-en-venta-_JM,"$1,000,000",Carmen,San Carlos,1 mÂ²,,,,,,,,,,,,,,,,,,Otro,,,,
865954620,campeche,se,https://terreno.metroscubicos.com/MLM-865954620-se-venden-lotes-residenciales-en-carretera-carmen-puerto-rea-_JM,"$1,553,726",Carmen,Ciudad Del Carmen Centro,1 m²,,,,,,,,,,,,,,,,,,Otro,,,,
1403111049,campeche,macrolotes,https://terreno.metroscubicos.com/MLM-1403111049-macrolotes-de-inversion-agricola-con-rendimiento-anual-hopelchen-campeche-_JM,"$175,000",Campeche,Hopelchen,5000 mÂ²,,,,,,,0 MXN,,,,,,,,,,,Otro,,,,
865954667,campeche,casa,https://terreno.metroscubicos.com/MLM-865954667-casa-con-local-en-calle-33-en-venta-_JM,"$3,800,000",Carmen,BurÃ³crata,335 mÂ²,,,,,,,,,,,,,,,,,,Otro,,,,
1390502038,campeche,terreno,https://terreno.metroscubicos.com/MLM-1390502038-terreno-en-venta-en-campeche-ideal-para-proyecto-san-joaqui-_JM,"$52,924,232",EscÃ¡rcega,Colonia EscÃ¡rcega Centro,5290000 mÂ²,,,,,,,,,,,,,,,,,,Otro,,,,
1338017583,campeche,terreno,https://terreno.metroscubicos.com/MLM-1338017583-terreno-en-venta-en-campeche-a-2-horas-de-ciudad-del-carme-_JM,"$42,339,385",Campeche,San JoaquÃ­n,5000000000 mÂ²,,,,,,,,,,,,,,,,,,Otro,,,,
871936749,campeche,venta,https://terreno.metroscubicos.com/MLM-871936749-venta-de-terreno-con-const-en-bivalvo-_JM,"$4,800,000",Carmen,Bivalbo,855 m²,,,,,,,,,,,,,,,,,,Otro,,,,
1397481822,campeche,terreno,https://terreno.metroscubicos.com/MLM-1397481822-terreno-en-venta-isla-aguada-_JM,"$700,000",Carmen,Isla De Aguada,400 mÂ²,,,,,,,,,,,,,,,,,,-,,,,
1308680945,campeche,venta,https://terreno.metroscubicos.com/MLM-1308680945-venta-terreno-_JM,"$3,500,000",Hopelchen,Colonia Hopelchen Centro,1515 mÂ²,,,,,,,,,,,,,,,,,,Otro,,,,
1408854937,campeche,terreno,https://terreno.metroscubicos.com/MLM-1408854937-terreno-en-venta-sabancuy-_JM,"$380,000",EscÃ¡rcega,RancherÃ­a JosÃ© de la Cruz Blanco,135 mÂ²,,,,,,,,,,,,,,,,,,-,,,,
1403078783,campeche,terreno,https://terreno.metroscubicos.com/MLM-1403078783-terreno-calakmul-_JM,"$2,500,000",Campeche,Calakmul,631 mÂ²,,,,,,,0 MXN,,,,,,,,,,,Otro,,,,
1402011095,campeche,terreno,https://terreno.metroscubicos.com/MLM-1402011095-terreno-en-venta-en-campeche-sabancuy-_JM,"$1,890,000",Campeche,Carmen,3364 mÂ²,,,,,,,0 MXN,,,,,,,,,,,Otro,,,,
1402036883,campeche,terreno,https://terreno.metroscubicos.com/MLM-1402036883-terreno-en-venta-en-campechecalakmul-_JM,"$34,308,000",Campeche,Calakmul,2402 ha,,,,,,,0 MXN,,,,,,,,,,,Otro,,,,
1366666454,campeche,venta,https://terreno.metroscubicos.com/MLM-1366666454-venta-terreno-en-el-centro-de-champoton-campeche-_JM,"$8,000,000",ChampotÃ³n,ChampotÃ³n Centro,,,,,,,,,,,,,,,,,,,Otro,,,,
1398597724,campeche,terreno,https://terreno.metroscubicos.com/MLM-1398597724-terreno-agricola-en-venta-en-xcupil-hopelchen-mt-22-4542-_JM,"$40,000",Campeche,Hopelchen,1000 mÂ²,,,,,,,,,,,,,,,,,,Ripio,,,,
1406810033,campeche,xen,https://terreno.metroscubicos.com/MLM-1406810033-xen-_JM,"$300,000",ChampotÃ³n,MalecÃ³n,5420000 mÂ²,,,,,,,,,,,,,,,,,,Otro,,,,
1398555089,campeche,terreno,https://terreno.metroscubicos.com/MLM-1398555089-terreno-agricola-en-venta-en-campeche-hopelchen-mt-22-4544-_JM,"$350,000",Campeche,Hopelchen,10000 mÂ²,,,,,,,,,,,,,,,,,,Ripio,,,,
1398567368,campeche,terreno,https://terreno.metroscubicos.com/MLM-1398567368-terreno-agricola-en-hopelchen-xcupil-mt-22-4543-_JM,"$175,000",Campeche,Hopelchen,5000 mÂ²,,,,,,,,,,,,,,,,,,Ripio,,,,
1421585278,campeche,terreno,https://terreno.metroscubicos.com/MLM-1421585278-terreno-agricola-en-venta-en-xcupil-hopelchen-mt-22-4542-_JM,"$46,240",Campeche,Hopelchen,1000 mÂ²,,,,,,,,,,,,,,,,,,Ripio,,,,
1405683052,campeche,terreno,https://terreno.metroscubicos.com/MLM-1405683052-terreno-en-venta-en-hopelchem-xcupil-gy-22-4542-_JM,"$40,000",Campeche,Hopelchen,1000 mÂ²,,,,,,,,,,,,,,,,,,Ripio,,,,
1402011078,campeche,terreno,https://terreno.metroscubicos.com/MLM-1402011078-terreno-en-venta-en-campechecalakmul-_JM,"$22,063,000",Campeche,Calakmul,2562 ha,,,,,,,0 MXN,,,,,,,,,,,Otro,,,,
1421584545,campeche,terreno,https://terreno.metroscubicos.com/MLM-1421584545-terreno-agricola-en-venta-en-campeche-hopelchen-mt-22-4544-_JM,"$462,400",Campeche,Hopelchen,10000 mÂ²,,,,,,,,,,,,,,,,,,Ripio,,,,
1399311996,campeche,terreno,https://terreno.metroscubicos.com/MLM-1399311996-terreno-agricola-en-hopelchen-xcupil-rt-22-4543-_JM,"$175,000",Campeche,Hopelchen,5000 mÂ²,,,,,,,,,,,,,,,,,,Ripio,,,,
1405715653,campeche,terreno,https://terreno.metroscubicos.com/MLM-1405715653-terreno-agricola-en-venta-en-hopelchemxcupil-gy-22-4544-_JM,"$350,000",Campeche,Hopelchen,10000 mÂ²,,,,,,,,,,,,,,,,,,Ripio,,,,
1399226951,campeche,terreno,https://terreno.metroscubicos.com/MLM-1399226951-terreno-en-venta-para-inversion-agricola-gis22-4542-_JM,"$40,000",Campeche,Hopelchen,1000 mÂ²,,,,,,,,,,,,,,,,,,Ripio,,,,
1422690273,campeche,terreno,https://terreno.metroscubicos.com/MLM-1422690273-terreno-comercial-en-venta-champoton-centro-_JM,"$28,000,000",ChampotÃ³n,ChampotÃ³n Centro,1760000 mÂ²,,,,,,,,,,,,,,,,,,-,,,,
1399418952,campeche,terreno,https://terreno.metroscubicos.com/MLM-1399418952-terreno-agricola-en-venta-en-campeche-hopelchen-rt-22-4544-_JM,"$350,000",Campeche,Hopelchen,10000 mÂ²,,,,,,,,,,,,,,,,,,Ripio,,,,
1399417612,campeche,terreno,https://terreno.metroscubicos.com/MLM-1399417612-terreno-en-venta-hopelchem-xcupil-ir-22-4542-_JM,"$40,000",Campeche,Hopelchen,1000 mÂ²,,,,,,,,,,,,,,,,,,Ripio,,,,
1421590986,campeche,terreno,https://terreno.metroscubicos.com/MLM-1421590986-terreno-agricola-en-hopelchen-xcupil-mt-22-4543-_JM,"$231,400",Campeche,Hopelchen,5000 mÂ²,,,,,,,,,,,,,,,,,,Ripio,,,,
1405664873,campeche,terreno,https://terreno.metroscubicos.com/MLM-1405664873-terreno-en-venta-en-hopelchem-xcupil-gy-22-4543-_JM,"$175,000",Campeche,Hopelchen,5000 mÂ²,,,,,,,,,,,,,,,,,,Ripio,,,,
1402068712,campeche,terreno,https://terreno.metroscubicos.com/MLM-1402068712-terreno-en-venta-en-campechecalakmul-_JM,"$23,737,000",Campeche,Calakmul,2800 ha,,,,,,,0 MXN,,,,,,,,,,,Otro,,,,
1399263169,campeche,terreno,https://terreno.metroscubicos.com/MLM-1399263169-terreno-en-venta-para-inversion-agricola-gis-22-4543-_JM,"$175,000",Campeche,Hopelchen,5000 mÂ²,,,,,,,,,,,,,,,,,,Ripio,,,,
1399431697,campeche,terreno,https://terreno.metroscubicos.com/MLM-1399431697-terreno-agricola-en-venta-en-xcupil-hopelchen-rt-22-4542-_JM,"$40,000",Campeche,Hopelchen,1000 mÂ²,,,,,,,,,,,,,,,,,,Ripio,,,,
1399263101,campeche,terreno,https://terreno.metroscubicos.com/MLM-1399263101-terreno-en-venta-para-inversion-agricola-gis-22-4544-_JM,"$350,000",Campeche,Hopelchen,10000 mÂ²,,,,,,,,,,,,,,,,,,Ripio,,,,
1352998995,campeche,470,https://terreno.metroscubicos.com/MLM-1352998995-470-hectareas-en-campeche-para-ganaderia-_JM,"$45,000",Candelaria,Candelaria Centro,4700000 mÂ²,,,,,,,,,,,,,,,,,,Otro,,,,
782288083,campeche,rancho,https://terreno.metroscubicos.com/MLM-782288083-rancho-de-4251-has-en-holpechen-campeche-_JM,"$8,000",Hopelchen,Dzibalchen,41520000 mÂ²,,,,,,,,,,,,,,,,,,Otro,,,,
1363024999,campeche,terrenos,https://terreno.metroscubicos.com/MLM-1363024999-terrenos-en-venta-en-china-campeche-_JM,"$1,427,943",Campeche,China,259626 mÂ²,,,,,,,,,,,,,,,,,,-,,,,
791485408,campeche,terreno,https://terreno.metroscubicos.com/MLM-791485408-terreno-en-esquina-con-construccion-en-venta-cd-del-carmen-_JM,"$2,000,000",Carmen,Guanal,352 mÂ²,,,,,,,,,,,,,,,,,,Otro,,,,
939519956,campeche,terreno,https://terreno.metroscubicos.com/MLM-939519956-terreno-en-km-18-carretera-carmen-puerto-real-en-venta-_JM,"$2,900",Carmen,Puerto Real,1 mÂ²,,,,,,,,,,,,,,,,,,Otro,,,,
1398494299,campeche,terreno,https://terreno.metroscubicos.com/MLM-1398494299-terreno-de-oportunidades-dentro-de-zona-urbana-_JM,"$4,200,000",ChampotÃ³n,ParaÃ­so,58635.16 ha,,,,,,,,,,,,,,,,,,Asfalto,,,,
962379655,campeche,terreno,https://terreno.metroscubicos.com/MLM-962379655-terreno-en-campeche-sobre-periferico-_JM,"$59,000,000",Campeche,Samula,360000 mÂ²,,,,,,,,,,,,,,,,,,Otro,,,,
1363031538,campeche,terrenos,https://terreno.metroscubicos.com/MLM-1363031538-terrenos-en-venta-en-yaxche-akal-hopelchen-_JM,"$11,600,000",Hopelchen,Yaxche Akal,5000000 mÂ²,,,,,,,,,,,,,,,,,,-,,,,
1338011344,campeche,terreno,https://terreno.metroscubicos.com/MLM-1338011344-terreno-_JM,"$282,980,419",Campeche,Hampolol,2296000 mÂ²,,,,,,,,,,,,,,,,,,Otro,,,,
1403065772,campeche,terreno,https://terreno.metroscubicos.com/MLM-1403065772-terreno-campeche-_JM,"$16,800,000",Campeche,Prado,1600 mÂ²,,,,,,,0 MXN,,,,,,,,,,,Otro,,,,
1400465016,campeche,terreno,https://terreno.metroscubicos.com/MLM-1400465016-terreno-industrial-en-venta-isla-aguada-_JM,"$1,930,000",Campeche,EscÃ¡rcega,9514 mÂ²,,,,,,,,,,,,,,,,,,-,,,,
1353684319,campeche,rancho,https://terreno.metroscubicos.com/MLM-1353684319-rancho-enfrente-de-tenabo-_JM,"$50,000",Tenabo,Colonia Tenabo Centro,15000000 mÂ²,,,,,,,,,,,,,,,,,,Otro,,,,
1383787598,campeche,terreno,https://terreno.metroscubicos.com/MLM-1383787598-terreno-en-venta-periferico-de-campeche-ctv205-_JM,"$16,500,000",Campeche,Pablo GarcÃ­a Fovissste,120000 mÂ²,,,,,,,,,,,,,,,,,,Otro,,,,
1402030382,campeche,terreno,https://terreno.metroscubicos.com/MLM-1402030382-terreno-en-venta-en-campechecalakmul-_JM,"$31,586,000",Campeche,Calakmul,2400 ha,,,,,,,0 MXN,,,,,,,,,,,Otro,,,,
1405613178,campeche,terreno,https://terreno.metroscubicos.com/MLM-1405613178-terreno-industrial-_JM,"$10,000,000",Carmen,1 De Mayo (PlayÃ³n),1756 mÂ²,,,,,,,,,,,,,,,,,,Otro,,,,
1422732702,campeche,terreno,https://terreno.metroscubicos.com/MLM-1422732702-terreno-comercial-en-venta-malecon-_JM,"$30,000,000",ChampotÃ³n,Conhuas,1680000 mÂ²,,,,,,,,,,,,,,,,,,-,,,,
1422719902,campeche,terreno,https://terreno.metroscubicos.com/MLM-1422719902-terreno-comercial-en-venta-malecon-_JM,"$30,000,000",ChampotÃ³n,Conhuas,1680000 mÂ²,,,,,,,,,,,,,,,,,,-,,,,
913298239,campeche,terreno,https://terreno.metroscubicos.com/MLM-913298239-terreno-urbano-en-col-mexico-ciudad-de-campeche-_JM,"$280,000",Campeche,Colonia MÃ©xico,200 ha,,,,,,,,,,,,,,,,,,Tierra,,,,
1353908730,campeche,terreno,https://terreno.metroscubicos.com/MLM-1353908730-terreno-en-venta-isla-aguada-_JM,"$350,000",Carmen,Isla De Aguada,288 mÂ²,,,,,,,,,,,,,,,,,,-,,,,
1341543090,campeche,terreno,https://terreno.metroscubicos.com/MLM-1341543090-terreno-en-venta-kanki-campeche-_JM,"$250,000",Tenabo,Kanki,2351 mÂ²,,,,,,,,,,,,,,,,,,Otro,,,,
777174831,campeche,el,https://terreno.metroscubicos.com/MLM-777174831-el-boqueron-en-venta-terreno-sabancuy-campeche-_JM,"U$S200,000",Carmen,Sabancuy,800 m²,,,,,,,,,,,,,,,,,,Otro,,,,
1339271329,campeche,terreno,https://terreno.metroscubicos.com/MLM-1339271329-terreno-cercano-al-poste-entre-holpechen-bolonchen-campec-_JM,"$48,000",Hopelchen,Colonia Hopelchen Centro,1320000 mÂ²,,,,,,,,,,,,,,,,,,Otro,,,,
1349361507,campeche,venta,https://terreno.metroscubicos.com/MLM-1349361507-venta-terreno-forma-regular-champoton-campeche-_JM,"$1,700,000",ChampotÃ³n,Plan-chac,2500 mÂ²,,,,,,,,,,,,,,,,,,Otro,,,,
1405619470,campeche,terrenos,https://terreno.metroscubicos.com/MLM-1405619470-terrenos-explotados-_JM,$670,Carmen,Puerto Real,30000 mÂ²,,,,,,,,,,,,,,,,,,Otro,,,,
1334224065,campeche,terreno,https://terreno.metroscubicos.com/MLM-1334224065-terreno-en-venta-manigua-_JM,"$580,000",Carmen,Manigua,240 mÂ²,,,,,,,,,,,,,,,,,,-,,,,
1338024188,campeche,terreno,https://terreno.metroscubicos.com/MLM-1338024188-terreno-en-venta-en-isla-aguada-_JM,"$512,000",Carmen,1 De Mayo (PlayÃ³n),640 mÂ²,,,,,,,,,,,,,,,,,,Otro,,,,
932363748,campeche,terreno,https://terreno.metroscubicos.com/MLM-932363748-terreno-en-venta-en-isla-del-carmen-2000-_JM,"$1,800,000",Carmen,Fraccionamiento Isla del Carmen 2000,450 mÂ²,,,,,,,,,,,,,,,,,,Tierra,15 m,30 m,Perimetral,
1338011330,campeche,terreno,https://terreno.metroscubicos.com/MLM-1338011330-terreno-en-reforma-la-esperanza-_JM,"$2,400,000",Carmen,La Esperanza,500 mÂ²,,,,,,,,,,,,,,,,,,Otro,,,,
865954666,campeche,terreno,https://terreno.metroscubicos.com/MLM-865954666-terreno-en-colonia-23-de-julio-_JM,"$750,000",Carmen,23 De Julio,1 mÂ²,,,,,,,,,,,,,,,,,,Otro,,,,
873918247,campeche,terreno,https://terreno.metroscubicos.com/MLM-873918247-terreno-en-venta-en-country-club-_JM,"$6,500",Carmen,Playa Palmas,600 m²,,,,,,,,,,,,,,,,,,Otro,,,,
1378202020,campeche,ciudad,https://terreno.metroscubicos.com/MLM-1378202020-ciudad-del-carmen-campeche-_JM,"$3,827,000",Campeche,Campeche,38272 mÂ²,,,,,,,,,,,,,,,,,,Otro,,,,
1402030381,campeche,terreno,https://terreno.metroscubicos.com/MLM-1402030381-terreno-en-venta-en-campechecalakmul-_JM,"$21,748,000",Campeche,Calakmul,2518 ha,,,,,,,0 MXN,,,,,,,,,,,Otro,,,,
1338004948,campeche,terreno,https://terreno.metroscubicos.com/MLM-1338004948-terreno-en-punta-del-este-_JM,"$2,450,000",Carmen,Puerto Real,640 mÂ²,,,,,,,,,,,,,,,,,,Otro,,,,
1402011079,campeche,terreno,https://terreno.metroscubicos.com/MLM-1402011079-terreno-en-venta-en-campechecalakmul-_JM,"$27,220,000",Campeche,Calakmul,2001 ha,,,,,,,0 MXN,,,,,,,,,,,Otro,,,,
1405583078,campeche,terreno,https://terreno.metroscubicos.com/MLM-1405583078-terreno-en-23-de-julio-_JM,"$1,250,000",Carmen,1 De Mayo (PlayÃ³n),300 mÂ²,,,,,,,,,,,,,,,,,,Otro,,,,
1322211272,campeche,terreno,https://terreno.metroscubicos.com/MLM-1322211272-terreno-monclova-_JM,"$2,500,000",Carmen,Monclova,1095 mÂ²,,,,,,,0 MXN,,,,,,,,,,,Otro,,,,
1373211002,campeche,venta,https://terreno.metroscubicos.com/MLM-1373211002-venta-de-terrenos-entre-sabancuy-y-escarcega-_JM,"$6,500",EscÃ¡rcega,Colonia EscÃ¡rcega Centro,,,,,,,,,,,,,,,,,,,Otro,,,,
1365113887,campeche,terreno,https://terreno.metroscubicos.com/MLM-1365113887-terreno-en-venta-isla-aguada-_JM,"$1,150,000",Carmen,Isla De Aguada,1425 mÂ²,,,,,,,,,,,,,,,,,,-,,,,
1304057641,campeche,venta,https://terreno.metroscubicos.com/MLM-1304057641-venta-terreno-rancho-el-astillero-_JM,"$10,851,230",Carmen,Aguacatal,2170246 mÂ²,,,,,,,,,,,,,,,,,,Otro,,,,
940123180,campeche,venta,https://terreno.metroscubicos.com/MLM-940123180-venta-terreno-santa-amalia-_JM,"$39,800,000",ChampotÃ³n,Punta Xen,30000000 mÂ²,,,,,,,,,,,,,,,,,,Otro,,,,
1365075816,campeche,terreno,https://terreno.metroscubicos.com/MLM-1365075816-terreno-en-venta-isla-aguada-_JM,"$750,000",Carmen,Isla De Aguada,418 mÂ²,,,,,,,,,,,,,,,,,,-,,,,
963043162,campeche,carretera,https://terreno.metroscubicos.com/MLM-963043162-carretera-merida-campeche-terreno-de-46439-m2-_JM,"$5,572,000",Uman,Uman,46439 mÂ²,,,,,,,,,,,,,,,,,,Otro,,,,
1378996266,campeche,venta,https://terreno.metroscubicos.com/MLM-1378996266-venta-de-terreno-en-alvaro-obregon-campeche-_JM,"$17,900,000",Campeche,Aviación,6119 m²,,,,,,,,,,,,,,,,,,Otro,,,,
1402006522,campeche,terreno,https://terreno.metroscubicos.com/MLM-1402006522-terreno-en-venta-en-carmen-campeche-_JM,"U$S1,150",Campeche,Carmen,83850000 mÂ²,,,,,,,0 MXN,,,,,,,,,,,Otro,,,,
1334260755,campeche,terreno,https://terreno.metroscubicos.com/MLM-1334260755-terreno-comercial-en-venta-compositores-_JM,"$3,500,000",Carmen,Compositores,840 mÂ²,,,,,,,,,,,,,,,,,,-,,,,
1406863602,campeche,san,https://terreno.metroscubicos.com/MLM-1406863602-san-joaquin-_JM,"$42,339,385",Campeche,San JoaquÃ­n,5292423 mÂ²,,,,,,,,,,,,,,,,,,Otro,,,,
1405589349,campeche,terrenos,https://terreno.metroscubicos.com/MLM-1405589349-terrenos-explotados-_JM,"$12,000,000",Carmen,1 De Mayo (PlayÃ³n),15000 mÂ²,,,,,,,,,,,,,,,,,,Otro,,,,
1421602562,campeche,terreno,https://terreno.metroscubicos.com/MLM-1421602562-terreno-comercial-en-venta-compositores-_JM,"$3,500,000",Carmen,Compositores,840 mÂ²,,,,,,,,,,,,,,,,,,-,,,,
961144295,campeche,terrenos,https://terreno.metroscubicos.com/MLM-961144295-terrenos-frente-al-mar-en-venta-sabancuy-ciudad-del-carmen-_JM,"U$S75,000",Carmen,Sabancuy,20000 m²,,,,,,,,,,,,,,,,,,Otro,,,,
865954630,campeche,terreno,https://terreno.metroscubicos.com/MLM-865954630-terreno-en-isla-aguada-_JM,"$380,000",Carmen,Isla De Aguada,1 mÂ²,,,,,,,,,,,,,,,,,,Otro,,,,
1365234419,campeche,terreno,https://terreno.metroscubicos.com/MLM-1365234419-terreno-en-venta-isla-aguada-_JM,"$250,000",Carmen,Isla De Aguada,200 mÂ²,,,,,,,,,,,,,,,,,,-,,,,
1365246992,campeche,terreno,https://terreno.metroscubicos.com/MLM-1365246992-terreno-en-venta-isla-aguada-_JM,"$530,000",Carmen,Isla De Aguada,380 mÂ²,,,,,,,,,,,,,,,,,,-,,,,
1385573964,campeche,terreno,https://terreno.metroscubicos.com/MLM-1385573964-terreno-en-venta-pueblo-sihochac-campeche-_JM,"$10,500,000",ChampotÃ³n,Sihochac,3500000 mÂ²,,,,,,,0 MXN,,,,,,,,,,,Otro,,,,
1363012340,campeche,terrenos,https://terreno.metroscubicos.com/MLM-1363012340-terrenos-en-venta-en-lerma-centro-campeche-_JM,"$1,619,158",Campeche,Lerma Centro,436431 mÂ²,,,,,,,,,,,,,,,,,,-,,,,
1396076776,campeche,terreno,https://terreno.metroscubicos.com/MLM-1396076776-terreno-en-venta-playa-norte-_JM,"$2,000,000",Carmen,Playa Norte,240 mÂ²,,,,,,,,,,,,,,,,,,-,,,,
1408836422,campeche,terreno,https://terreno.metroscubicos.com/MLM-1408836422-terreno-en-venta-atasta-_JM,"$670,000",Carmen,Atasta,1800 mÂ²,,,,,,,,,,,,,,,,,,-,,,,
1338030677,campeche,terrenos,https://terreno.metroscubicos.com/MLM-1338030677-terrenos-con-uso-de-suelo-industrial-_JM,"$3,000",Carmen,Hacienda del Mar,12607 mÂ²,,,,,,,,,,,,,,,,,,Otro,,,,
871940131,campeche,vendo,https://terreno.metroscubicos.com/MLM-871940131-vendo-terreno-con-excelente-ubicacion-_JM,"$6,500",Carmen,Isla de Tris,811 m²,,,,,,,,,,,,,,,,,,Otro,,,,
1408729238,campeche,terreno,https://terreno.metroscubicos.com/MLM-1408729238-terreno-en-venta-volcanes-_JM,"$700,000",Carmen,Volcanes,117 mÂ²,,,,,,,,,,,,,,,,,,-,,,,
962378251,campeche,terreno,https://terreno.metroscubicos.com/MLM-962378251-terreno-industrial-en-venta-camino-la-victoria-_JM,"$3,450,000",Campeche,Campeche,150000 mÂ²,,,,,,,,,,,,,,,,,,-,,,,
1396516071,campeche,terreno,https://terreno.metroscubicos.com/MLM-1396516071-terreno-en-venta-manigua-_JM,"$1,200,000",Carmen,Manigua,480 mÂ²,,,,,,,,,,,,,,,,,,-,,,,
1329945034,campeche,terreno,https://terreno.metroscubicos.com/MLM-1329945034-terreno-en-venta-en-campeche-_JM,"$37,046,962",Carmen,Pital Viejo,5292423 mÂ²,,,,,,,,,,,,,,,,,,Otro,,,,
1403111033,campeche,sabancuy,https://terreno.metroscubicos.com/MLM-1403111033-sabancuy-campeche-terreno-_JM,"U$S180,000",Carmen,Sabancuy,2605 mÂ²,,,,,,,0 MXN,,,,,,,,,,,Otro,,,,
1416872184,campeche,terreno,https://terreno.metroscubicos.com/MLM-1416872184-terreno-en-venta-champoton-centro-_JM,"$34,000,000",ChampotÃ³n,ChampotÃ³n Centro,1740000 mÂ²,,,,,,,,,,,,,,,,,,-,,,,
1400197309,campeche,terreno,https://terreno.metroscubicos.com/MLM-1400197309-terreno-a-orilla-de-carretera-merida-campeche-14-has-_JM,$770,Uman,Uman,140000 mÂ²,,,,,,,,,,,,,,,,,,Otro,,,,
1368832453,campeche,san,https://terreno.metroscubicos.com/MLM-1368832453-san-joaquin-campeche-campeche-_JM,"$37,046,962",Carmen,San Joaquin,5290000 mÂ²,,,,,,,,,,,,,,,,,,Otro,,,,
1422732721,campeche,terreno,https://terreno.metroscubicos.com/MLM-1422732721-terreno-comercial-en-venta-champoton-centro-_JM,"$28,000,000",ChampotÃ³n,ChampotÃ³n Centro,1760000 mÂ²,,,,,,,,,,,,,,,,,,-,,,,
1421622195,campeche,terreno,https://terreno.metroscubicos.com/MLM-1421622195-terreno-en-venta-champoton-centro-_JM,"$1,537,500",ChampotÃ³n,ChampotÃ³n Centro,883 mÂ²,,,,,,,,,,,,,,,,,,-,,,,
1346642624,campeche,terreno,https://terreno.metroscubicos.com/MLM-1346642624-terreno-el-carmen-_JM,"$125,000,000",Carmen,RancherÃ­a El Carmen I,41 ha,,,,,,,0 MXN,,,,,,,,,,,Otro,,,,
939538916,campeche,terreno,https://terreno.metroscubicos.com/MLM-939538916-terreno-cerca-de-la-playa-en-venta-_JM,"$225,000",Carmen,Isla De Aguada,1 m²,,,,,,,,,,,,,,,,,,Otro,,,,
913824438,campeche,terreno,https://terreno.metroscubicos.com/MLM-913824438-terreno-de-3-ha-en-koben-campeche-_JM,"$370,000",Campeche,San Francisco Koben,3 ha,,,,,,,,,,,,,,,,,,Tierra,,,,
865954563,campeche,terreno,https://terreno.metroscubicos.com/MLM-865954563-terreno-en-isla-aguada-_JM,"$250,000",Carmen,Isla De Aguada,1 mÂ²,,,,,,,,,,,,,,,,,,Otro,,,,
920195203,campeche,terreno,https://terreno.metroscubicos.com/MLM-920195203-terreno-en-venta-con-construccion-en-esquina-becal-campeche-_JM,"$850,000",Calkini,Becal,1079 mÂ²,,,,,,,,,,,,,,,,,,Otro,,,,
1332013925,campeche,venta,https://terreno.metroscubicos.com/MLM-1332013925-venta-de-terreno-irregular-en-campeche-_JM,$650,Campeche,Campeche 1,1 mÂ²,,,,,,,,,,,,,,,,,,Otro,,,,
913304547,campeche,terreno,https://terreno.metroscubicos.com/MLM-913304547-terreno-de-urbano-en-colonia-tepeyac-campeche-_JM,"$791,500",Campeche,Colonia Tepeyac,316 ha,,,,,,,,,,,,,,,,,,Asfalto,,,,
871936735,campeche,terreno,https://terreno.metroscubicos.com/MLM-871936735-terreno-en-venta-belisario-_JM,"$490,000",Carmen,Belisario Domínguez,131 m²,,,,,,,,,,,,,,,,,,Otro,,,,
1338043589,campeche,terreno,https://terreno.metroscubicos.com/MLM-1338043589-terreno-con-uso-de-suelo-de-industrial-_JM,"$2,500",Carmen,San Miguel,8000 mÂ²,,,,,,,,,,,,,,,,,,Otro,,,,
871936706,campeche,terreno,https://terreno.metroscubicos.com/MLM-871936706-terreno-en-venta-en-san-carlos-_JM,"$750,000",Carmen,San Carlos,230 m²,,,,,,,,,,,,,,,,,,Otro,,,,
932735375,campeche,venta,https://terreno.metroscubicos.com/MLM-932735375-venta-de-lotes-en-av-central-_JM,"$2,500,000",Carmen,San Joaquin,800 mÂ²,,,,,,,,,,,,,,,,,,Tierra,,,Perimetral,Irregular
1361980624,campeche,terreno,https://terreno.metroscubicos.com/MLM-1361980624-terreno-en-venta-manigua-_JM,"$1,200,000",Carmen,Manigua,480 mÂ²,,,,,,,,,,,,,,,,,,-,,,,
1361843778,campeche,terreno,https://terreno.metroscubicos.com/MLM-1361843778-terreno-comercial-en-venta-manigua-_JM,"$1,200,000",Carmen,Manigua,480 mÂ²,,,,,,,,,,,,,,,,,,-,,,,
865961778,campeche,terreno,https://terreno.metroscubicos.com/MLM-865961778-terreno-con-casa-en-isla-aguada-_JM,"$1,500,000",Carmen,Isla De Aguada,1 mÂ²,,,,,,,,,,,,,,,,,,Otro,,,,
1365253623,campeche,terreno,https://terreno.metroscubicos.com/MLM-1365253623-terreno-en-venta-isla-aguada-_JM,"$350,000",Carmen,Isla De Aguada,200 mÂ²,,,,,,,,,,,,,,,,,,-,,,,
871942800,campeche,venta,https://terreno.metroscubicos.com/MLM-871942800-venta-de-terreno-en-malibran-_JM,"$5,500",Carmen,Malibran,300 m²,,,,,,,,,,,,,,,,,,Otro,,,,
1362956835,campeche,terrenos,https://terreno.metroscubicos.com/MLM-1362956835-terrenos-en-venta-en-lerma-centro-campeche-_JM,"$802,813",Campeche,Lerma Centro,211824 mÂ²,,,,,,,,,,,,,,,,,,-,,,,
1408836325,campeche,terreno,https://terreno.metroscubicos.com/MLM-1408836325-terreno-en-venta-matamoros-_JM,"$90,000",EscÃ¡rcega,RancherÃ­a Matamoros,1577 mÂ²,,,,,,,,,,,,,,,,,,-,,,,
1400190785,campeche,terreno,https://terreno.metroscubicos.com/MLM-1400190785-terreno-de-20-hectareas-en-la-ciudad-de-campeche-250-m2-pro-_JM,"$50,000,000",Campeche,Samula,200000 mÂ²,,,,,,,,,,,,,,,,,,Otro,,,,
1405589330,campeche,terreno,https://terreno.metroscubicos.com/MLM-1405589330-terreno-villa-sabancuy-_JM,"$750,000",Carmen,1 De Mayo (PlayÃ³n),360 mÂ²,,,,,,,,,,,,,,,,,,Otro,,,,
865954625,campeche,terreno,https://terreno.metroscubicos.com/MLM-865954625-terreno-en-isla-aguada-_JM,"$2,000,000",Carmen,Isla De Aguada,1 mÂ²,,,,,,,,,,,,,,,,,,Otro,,,,
1363045447,campeche,terreno,https://terreno.metroscubicos.com/MLM-1363045447-terreno-en-venta-parque-campeche-lomas-de-angelopolis-_JM,"$11,500",San AndrÃ©s Cholula,Lomas de AngelÃ³polis,128 mÂ²,,,,,,,,,,,,,,,,,,-,,,,
1363018549,campeche,terrenos,https://terreno.metroscubicos.com/MLM-1363018549-terrenos-en-venta-en-aserradero-champoton-_JM,"U$S1,500,000",ChampotÃ³n,Aserradero,4000000 mÂ²,,,,,,,,,,,,,,,,,,-,,,,
922836868,campeche,amplio,https://terreno.metroscubicos.com/MLM-922836868-amplio-terreno-urbanizado-en-col-justo-sierra-en-venta-_JM,"$3,500,000",Carmen,Justo Sierra,1 mÂ²,,,,,,,,,,,,,,,,,,Otro,,,,
865954676,campeche,lotes,https://terreno.metroscubicos.com/MLM-865954676-lotes-en-sabancuy-_JM,"$2,200,000",Carmen,Sabancuy,1 mÂ²,,,,,,,,,,,,,,,,,,Otro,,,,
1413354306,campeche,terreno,https://terreno.metroscubicos.com/MLM-1413354306-terreno-para-vivienda-sobre-autopista-merida-campeche-en-calkini-_JM,$95,Campeche,Calkini,8463449 mÂ²,,,,,,,0 MXN,,,,,,,,,,,Otro,,,,
1362981168,campeche,terrenos,https://terreno.metroscubicos.com/MLM-1362981168-terrenos-en-venta-en-san-jorge-carmen-_JM,"U$S5,000,000",Carmen,Ranchería San Jorge,22832000 m²,,,,,,,,,,,,,,,,,,-,,,,
1399724561,campeche,oportunidad,https://terreno.metroscubicos.com/MLM-1399724561-oportunidad-de-inversion-terreno-en-monclova-_JM,"$16,000,000",Carmen,Monclova,3796 mÂ²,,,,,,,0 MXN,,,,,,,,,,,Otro,,,,
1331992621,campeche,terreno,https://terreno.metroscubicos.com/MLM-1331992621-terreno-en-san-joaquin-campeche-entrega-inmediata-_JM,"$37,046,962",Campeche,San JoaquÃ­n,1 mÂ²,,,,,,,,,,,,,,,,,,Otro,,,,
1420761267,campeche,terreno,https://terreno.metroscubicos.com/MLM-1420761267-terreno-en-venta-champoton-centro-_JM,"$33,000,000",ChampotÃ³n,ChampotÃ³n Centro,1360000 mÂ²,,,,,,,,,,,,,,,,,,-,,,,
1345361776,campeche,se,https://terreno.metroscubicos.com/MLM-1345361776-se-venden-9-has-en-dzitbalche-campeche-_JM,"$200,000",Calkini,Dzitbalche,90000 mÂ²,,,,,,,,,,,,,,,,,,Otro,,,,
938097272,campeche,terreno,https://terreno.metroscubicos.com/MLM-938097272-terreno-en-col-20-de-noviembre-en-venta-_JM,"$650,000",Carmen,20 De Noviembre,1 mÂ²,,,,,,,,,,,,,,,,,,Otro,,,,
935963272,campeche,venta,https://terreno.metroscubicos.com/MLM-935963272-venta-terreno-unidad-esfuerzo-y-trabajo-i-_JM,"$3,990,000",EscÃ¡rcega,Colonia EscÃ¡rcega Centro,5000 mÂ²,,,,,,,,,,,,,,,,,,Otro,,,,
1408842648,campeche,terreno,https://terreno.metroscubicos.com/MLM-1408842648-terreno-en-venta-nuevo-progreso-_JM,"$400,000",Carmen,Nuevo Progreso,1000 mÂ²,,,,,,,,,,,,,,,,,,-,,,,
1363018472,campeche,terrenos,https://terreno.metroscubicos.com/MLM-1363018472-terrenos-en-venta-en-champoton-centro-champoton-_JM,"U$S3,000,000",Champotón,Champotón Centro,1000000 m²,,,,,,,,,,,,,,,,,,-,,,,
1348689525,campeche,terreno,https://terreno.metroscubicos.com/MLM-1348689525-terreno-calakmul-_JM,"$10,900,000",Campeche,Calakmul,1288 ha,,,,,,,0 MXN,,,,,,,,,,,Otro,,,,
949387158,campeche,terreno,https://terreno.metroscubicos.com/MLM-949387158-terreno-en-venta-san-francisco-de-campeche-en-campeche-_JM,"$18,725,000",Campeche,Prado,5350 mÂ²,,,,,,,0 MXN,,,,,,,,,,,Otro,,,,
927563452,campeche,magnifico,https://terreno.metroscubicos.com/MLM-927563452-magnifico-terreno-cerca-de-carretera-lerma-campeche-_JM,"$2,000,000",Campeche,Ejido San Lorenzo,500000 mÂ²,,,,,,,,,,,,,,,,,,Otro,,,,
1379019596,campeche,venta,https://terreno.metroscubicos.com/MLM-1379019596-venta-de-terreno-en-hopelchen-campeche-_JM,"$1,400,000",Hopelchen,Colonia Hopelchen Centro,30000 mÂ²,,,,,,,,,,,,,,,,,,Otro,,,,
932665412,campeche,terreno,https://terreno.metroscubicos.com/MLM-932665412-terreno-en-venta-en-carretera-km-105-_JM,"$4,000",Carmen,18 de Marzo,1 ha,,,,,,,,,,,,,,,,,,Tierra,,,,
871936842,campeche,terreno,https://terreno.metroscubicos.com/MLM-871936842-terreno-en-venta-en-ave-libertad-_JM,"$3,500",Carmen,Isla de Tris,15521 m²,,,,,,,,,,,,,,,,,,Otro,,,,
1392169187,campeche,se,https://terreno.metroscubicos.com/MLM-1392169187-se-venden-130-hectareas-en-hopelchen-campeche-_JM,"$5,850,000",Hopelchen,Colonia Hopelchen Centro,1300000 mÂ²,,,,,,,,,,,,,,,,,,Otro,,,,
939634106,campeche,terreno,https://terreno.metroscubicos.com/MLM-939634106-terreno-en-calle-46-en-venta-_JM,"$1,600,000",Carmen,Tacubaya,400 mÂ²,,,,,,,,,,,,,,,,,,Otro,,,,
1394215823,campeche,terreno,https://terreno.metroscubicos.com/MLM-1394215823-terreno-en-venta-manigua-_JM,"$650,000",Carmen,Manigua,160 mÂ²,,,,,,,,,,,,,,,,,,-,,,,
1400197350,campeche,terreno,https://terreno.metroscubicos.com/MLM-1400197350-terreno-dentro-de-campeche-20-hectareas-propiedad-privada-2-_JM,"$50,000,000",Campeche,Samula,200000 mÂ²,,,,,,,,,,,,,,,,,,Otro,,,,
1399966593,campeche,terreno,https://terreno.metroscubicos.com/MLM-1399966593-terreno-comercial-en-venta-champoton-centro-_JM,"$22,000,000",ChampotÃ³n,ChampotÃ³n Centro,5000000 mÂ²,,,,,,,,,,,,,,,,,,-,,,,
1367198697,campeche,terrenos,https://terreno.metroscubicos.com/MLM-1367198697-terrenos-en-venta-col-mirador-campeche-_JM,"$280,000",Campeche,San JosÃ© El Alto,200 mÂ²,,,,,,,,,,,,,,,,,,Tierra,10 m,20 m,Perimetral,Regular
1367198527,campeche,terreno,https://terreno.metroscubicos.com/MLM-1367198527-terreno-en-venta-en-china-campeche-_JM,"$2,700,000",Campeche,China,2 ha,,,,,,,,,,,,,,,,,,Tierra,419 m,754 m,Perimetral,Irregular
1399279450,campeche,terreno,https://terreno.metroscubicos.com/MLM-1399279450-terreno-en-venta-hopelchem-xcupil-ir-22-4544-_JM,"$350,000",Campeche,Hopelchen,10000 mÂ²,,,,,,,,,,,,,,,,,,Ripio,,,,
1415310301,campeche,propiedad,https://terreno.metroscubicos.com/MLM-1415310301-propiedad-en-venta-en-sabancuy-campeche-a-15kms-de-playa-_JM,"$490,000",Carmen,Sabancuy,0.01 ha,,,,,,,,,,,,,,,,,,Asfalto,,,,
1409928118,campeche,terreno,https://terreno.metroscubicos.com/MLM-1409928118-terreno-en-venta-en-campeche-la-palizada-el-juncal-_JM,"$26,000,000",Palizada,Ejido El Juncal,619 ha,,,,,,,,,,,,,,,,,,Tierra,650 m,9600 m,Perimetral,Regular
1419759202,campeche,terreno,https://terreno.metroscubicos.com/MLM-1419759202-terreno-en-calle-principal-de-imi-1-campeche-_JM,"$950,000",Campeche,Imi,771 ha,,,,,,,,,,,,,,,,,,Tierra,,,,
1401102079,campeche,terreno,https://terreno.metroscubicos.com/MLM-1401102079-terreno-rustico-en-venta-o-renta-450-m2-_JM,"$1,800,000",Carmen,Colonia José Ortiz Ávila,450 ha,,,,,,,,,,,,,,,,,,Tierra,,,,
1397855546,campeche,terreno,https://terreno.metroscubicos.com/MLM-1397855546-terreno-puebla-barato-_JM,"$1,200,000",Puebla,San Baltasar Campeche,0 ha,,,,,,,,,,,,,,,,,,Asfalto,,,,
1398597251,campeche,terreno,https://terreno.metroscubicos.com/MLM-1398597251-terreno-en-venta-_JM,"$125,000",EscÃ¡rcega,Colonia Emiliano Zapata,0 ha,,,,,,,,,,,,,,,,,,Tierra,,,,
1398211188,campeche,se,https://terreno.metroscubicos.com/MLM-1398211188-se-remata-terreno-_JM,"$650,000",Carmen,Miguel De La Madrid,180 ha,,,,,,,,,,,,,,,,,,Asfalto,,,,
