ID,entidad,tipo,link,precio,municipio,colonia,Superficie total,Superficie construida,Ambientes,Recámaras,Baños,Estacionamientos,Antigüedad,Cantidad de pisos,Orientación,Cuota mensual de mantenimiento,RecÃ¡maras,BaÃ±os,OrientaciÃ³n,AntigÃ¼edad,Bodegas,Tipo de casa,Tipo de propiedad,Departamentos por piso,Acceso,Metros de frente,Metros de fondo,Forma del terreno,DisposiciÃ³n del lote,Disposición del lote
1422871355,zacatecas,casa,https://casa.metroscubicos.com/MLM-1422871355-casa-en-venta-en-p-zacatecas-_JM,"$7,000,000",San Andrés Cholula,Lomas de Angelópolis,170 m²,320 m²,11,4,6,2,4 años,,,,,,,,,,,,,,,,,
1418643324,zacatecas,magnifica,https://casa.metroscubicos.com/MLM-1418643324-magnifica-casa-seminueva-_JM,"$3,330,000",Guadalupe,Lomas del Pedregal,160 m²,220 m²,,3,3,3,,,,,,,,,,,,,,,,,,
1423884385,zacatecas,casa,https://casa.metroscubicos.com/MLM-1423884385-casa-con-departamento-independiente-en-frente-popular-zacatecas-_JM,"$1,200,000",Zacatecas,Frente Popular,131 m²,201 m²,,4,2,,,2,,,,,,,,,,,,,,,,
1422914202,zacatecas,casa,https://casa.metroscubicos.com/MLM-1422914202-casa-en-venta-en-parque-zacatecas-_JM,"$4,870,000",San Andrés Cholula,Lomas de Angelópolis,184 m²,318 m²,9,4,4,3,0 años,,,,,,,,,,,,,,,,,
1424289983,zacatecas,casa,https://casa.metroscubicos.com/MLM-1424289983-casa-nueva-en-la-fe-guadalupe-zacatecas-_JM,"$1,499,000",Guadalupe,La Fé,115 m²,109 m²,,3,2,1,,,,,,,,,,,,,,,,,,
1423899917,zacatecas,casa,https://casa.metroscubicos.com/MLM-1423899917-casa-amplia-de-dos-plantas-con-locales-para-comercio-en-venta-en-villa-garcia-zacatecas-_JM,"$1,500,000",Zacatecas,Villa García,399 m²,310 m²,7,2,1,,24 años,2,Poniente,0 MXN,,,,,,,,,,,,,,
1423903369,zacatecas,casa,https://casa.metroscubicos.com/MLM-1423903369-casa-nueva-en-fracc-arquitectos-zacatecas-_JM,"$560,000",Zacatecas,Otra Colonia,94 m²,55 m²,,2,1,1,0 años,,,,,,,,,,,,,,,,,
1425955250,zacatecas,casa,https://casa.metroscubicos.com/MLM-1425955250-casa-sola-en-venta-las-haciendas-_JM,"$960,000",Zacatecas,Las Haciendas,126 m²,66 m²,,3,1,,22 años,,,,,,,,,,,,,,,,,
1424456317,zacatecas,amplia,https://casa.metroscubicos.com/MLM-1424456317-amplia-casa-en-quinta-san-gabriel-guadalupe-zacatecas-_JM,"$1,250,000",Guadalupe,Otra Colonia,90 m²,174 m²,,3,2,1,,2,,,,,,,,,,,,,,,,
1426569883,zacatecas,casa,https://casa.metroscubicos.com/MLM-1426569883-casa-recien-remodelada-en-tierra-y-libertad-1a-seccion-guadalupe-zacatecas-_JM,"$890,000",Guadalupe,Tierra Y Libertad 1,112 m²,130 m²,,2,2,1,,2,,,,,,,,,,,,,,,,
1426582989,zacatecas,finca,https://casa.metroscubicos.com/MLM-1426582989-finca-antigua-en-la-av-5-senores-en-zacatecas-_JM,"$1,500,000",Zacatecas,Cinco Señores,254 m²,107 m²,,5,2,,,,,,,,,,,,,,,,,,,
1426595519,zacatecas,casa,https://casa.metroscubicos.com/MLM-1426595519-casa-en-villas-mariana-guadalupe-zacatecas-_JM,"$750,000",Guadalupe,Villas Mariana,90 m²,90 m²,,2,2,1,,2,,,,,,,,,,,,,,,,
1424252292,zacatecas,casa,https://casa.metroscubicos.com/MLM-1424252292-casa-nueva-en-jardines-del-sol-zacatecas-_JM,"$830,000",Zacatecas,Jardines Del Sol,105 m²,73 m²,,2,1,1,,1,,,,,,,,,,,,,,,,
1423883913,zacatecas,casa,https://casa.metroscubicos.com/MLM-1423883913-casa-en-jardines-de-sauceda-guadalupe-zacatecas-_JM,"$427,000",Guadalupe,Guadalupe,60 m²,41 m²,,1,1,1,,2,,,,,,,,,,,,,,,,
1426538031,zacatecas,casa,https://casa.metroscubicos.com/MLM-1426538031-casa-en-el-centro-de-guadalupe-zacatecas-_JM,"$2,000,000",Guadalupe,Otra Colonia,110 m²,240 m²,,3,2,1,,,,,,,,,,,,,,,,,,
1426589366,zacatecas,casa,https://casa.metroscubicos.com/MLM-1426589366-casa-en-la-col-primavera-guadalupe-zacatecas-_JM,"$995,000",Guadalupe,Otra Colonia,105 m²,182 m²,,3,3,2,,2,,,,,,,,,,,,,,,,
1424720413,zacatecas,casa,https://casa.metroscubicos.com/MLM-1424720413-casa-rancho-o-rancheria-el-centro-_JM,"$1,415,000",Jerez,El Centro,120 m²,120 m²,3,3,2,1,0 años,,Norte,0 MXN,,,,,,,,,,,,,,
1426589471,zacatecas,casa,https://casa.metroscubicos.com/MLM-1426589471-casa-con-local-en-tonatiuh-magisterial-guadalupe-zacatecas-_JM,"$1,400,000",Guadalupe,Otra Colonia,135 m²,270 m²,,3,2,1,,,,,,,,,,,,,,,,,,
1424419519,zacatecas,casa,https://casa.metroscubicos.com/MLM-1424419519-casa-en-la-fe-guadalupe-zacatecas-_JM,"$1,698,000",Guadalupe,La Fé,91 m²,124 m²,,3,2,2,,,,,,,,,,,,,,,,,,
1362994445,zacatecas,casas,https://casa.metroscubicos.com/MLM-1362994445-casas-en-venta-en-lomas-de-bernardez-guadalupe-_JM,"$16,000,000",Guadalupe,Lomas De Bernardez,790 m²,800 m²,,4,4,,,,,,,,,,,,,,,,,,,
1356324585,zacatecas,casa,https://casa.metroscubicos.com/MLM-1356324585-casa-sola-en-venta-buenos-aires-_JM,"$1,100,000",Zacatecas,Fresnillo,247 m²,195 m²,,3,1,,0 años,,,,,,,,,,,,,,,,,
1355543478,zacatecas,casa,https://casa.metroscubicos.com/MLM-1355543478-casa-bastante-segura-con-patio-de-servicio-con-reja-de-proteccionpara-infonavit-_JM,"$650,000",Fresnillo,Muralista,99 mÂ²,63 mÂ²,1,,,1,,1,,0 MXN,1,1,Norte,14 aÃ±os,,,,,,,,,,
765427336,zacatecas,casa,https://casa.metroscubicos.com/MLM-765427336-casa-en-venta-en-parque-zacatecas-_JM,"$4,350,000",San Andrés Cholula,Lomas de Angelópolis,180 m²,300 m²,10,4,4,2,0 años,,,,,,,,,,,,,,,,,
1401286295,zacatecas,residencia,https://casa.metroscubicos.com/MLM-1401286295-residencia-en-venta-fracc-bosque-de-las-cumbres-_JM,"$3,180,000",Zacatecas,Colinas Del Padre,120 m²,220 m²,,3,3,2,0 años,3,,,,,,,,,,,,,,,,
1326039152,zacatecas,casa,https://casa.metroscubicos.com/MLM-1326039152-casa-de-4-recamaras-con-alberca-cocina-integral-organizadores-en-los-closets-_JM,"$1,700,000",Guadalupe,Otra Colonia,177 m²,80 m²,,4,2,2,11 años,,,,,,,,,,,,,,,,,
924361682,zacatecas,casa,https://casa.metroscubicos.com/MLM-924361682-casa-en-venta-ampl-lopez-mateos-sombrerete-zacatecas-_JM,"$2,500,000",Sombrerete,Sombrerete,400 m²,342 m²,,3,3,2,10 años,,,,,,,,,,,,,,,,,
1310937850,zacatecas,casa,https://casa.metroscubicos.com/MLM-1310937850-casa-muy-centrica-amplia-y-construccion-tradicional-excelente-conservacion-_JM,"$3,705,000",Zacatecas,Bancomer,200 m²,324 m²,,6,4,1,22 años,,,,,,,,,,,,,,,,,
945148773,zacatecas,edificio,https://casa.metroscubicos.com/MLM-945148773-edificio-en-el-corazon-de-fresnillo-en-la-zona-peatonal-entre-los-dos-mercados-_JM,"$9,995,000",Fresnillo,Fresnillo Centro,200 m²,800 m²,,,6,,20 años,,,,,,,,,,,,,,,,,
924355756,zacatecas,378109,https://casa.metroscubicos.com/MLM-924355756-378109-casa-en-venta-en-guadalupe-zacatecas-_JM,"$600,000",Guadalupe,Villas De Guadalupe,90 m²,90 m²,,2,1,2,15 años,,,,,,,,,,,,,,,,,
1407098444,zacatecas,bonita,https://casa.metroscubicos.com/MLM-1407098444-bonita-casa-en-guadalupe-colonial-zacatecas-mexico-lh-_JM,"$817,000",Guadalupe,Guadalupe,105 m²,147 m²,,3,2,2,4 años,,Poniente,,,,,,1,,,,,,,,,
1391204018,zacatecas,casa,https://casa.metroscubicos.com/MLM-1391204018-casa-sola-en-venta-fracc-las-arboledas-_JM,"$2,900,000",Guadalupe,Las Arboledas,110 m²,230 m²,,3,4,,0 años,,,,,,,,,,,,,,,,,
924303958,zacatecas,casa,https://casa.metroscubicos.com/MLM-924303958-casa-en-venta-en-privada-los-azahares-salida-a-carr-a-zacatecas-_JM,"$1,200,000",San Luis PotosÃ­,Salazares,102 mÂ²,142 mÂ²,,,,1,,,,,3,2,,10 aÃ±os,,,,,,,,,,
939021304,zacatecas,se,https://casa.metroscubicos.com/MLM-939021304-se-vende-casa-de-inversion-en-obra-blanca-_JM,"$2,350,000",Zacatecas,Cnop,130 m²,311.7 m²,,5,3,2,4 años,,,,,,,,,,,,,,,,,
1391223560,zacatecas,casa,https://casa.metroscubicos.com/MLM-1391223560-casa-sola-en-venta-villas-de-san-fermin-_JM,"$785,000",Guadalupe,Villas de Don Fernando,75 m²,79 m²,,3,2,,0 años,,,,,,,,,,,,,,,,,
945139694,zacatecas,edificio,https://casa.metroscubicos.com/MLM-945139694-edificio-comercial-en-el-centro-de-fresnillo-frente-a-bancos-y-plazas-_JM,"$7,995,000",Fresnillo,Fresnillo Centro,227 m²,681 m²,,,4,,20 años,,,,,,,,,,,,,,,,,
1415421050,zacatecas,bonita,https://casa.metroscubicos.com/MLM-1415421050-bonita-casa-en-venta-en-juchipila-zac-_JM,"$3,157,000",Juchipila,Remolino,150 m²,318.68 m²,,5,3,1,10 años,3,,,,,,,1,Casa,Casa sola,,,,,,,
939285692,zacatecas,casa,https://casa.metroscubicos.com/MLM-939285692-casa-en-venta-_JM,"$1,600,000",Ahome,Jardines De Zacatecas,120 m²,227 m²,,4,2,,20 años,,,,,,,,,,,,,,,,,
1398914919,zacatecas,casa,https://casa.metroscubicos.com/MLM-1398914919-casa-de-3-recamaras-en-privada-santa-teresita-las-quintas-aplica-para-infonavit-_JM,"$763,000",Guadalupe,Guadalupe,90 m²,62 m²,1,3,1,1,12 años,1,Norte,0 MXN,,,,,,,,,,,,,,
1374635995,zacatecas,preventa,https://casa.metroscubicos.com/MLM-1374635995-preventa-casa-de-3-recamaras-estilo-loft-en-planta-bajaexcelente-iluminacion-_JM,"$2,965,000",Guadalupe,S.P.A.U.A.Z.,105 m²,187 m²,,3,2,2,0 años,,,,,,,,,,,,,,,,,
1304720924,zacatecas,casa,https://casa.metroscubicos.com/MLM-1304720924-casa-sola-en-venta-balvanero-_JM,"$1,500,000",Jerez,El Cargadero,135 m²,130 m²,,3,1,,15 años,,,,,,,,,,,,,,,,,
1391223546,zacatecas,casa,https://casa.metroscubicos.com/MLM-1391223546-casa-sola-en-venta-la-canada-_JM,"$2,020,000",Guadalupe,Cañada De La Bufa,105 m²,120 m²,,2,3,,0 años,,,,,,,,,,,,,,,,,
1406315085,zacatecas,casa,https://casa.metroscubicos.com/MLM-1406315085-casa-nueva-en-privada-bosque-de-las-cumbres-zacatecas-_JM,"$2,200,000",Zacatecas,Colinas Del Padre,120 m²,144 m²,,3,3,2,,2,,,,,,,,,,,,,,,,
1387350353,zacatecas,casa,https://casa.metroscubicos.com/MLM-1387350353-casa-sola-en-venta-lasalle-_JM,"$2,950,000",Fresnillo,Lasalle,190 m²,295 m²,,4,5,,22 años,,,,,,,,,,,,,,,,,
1388575077,zacatecas,casa,https://casa.metroscubicos.com/MLM-1388575077-casa-en-venta-en-residencial-zacatecas-en-la-carcana-_JM,"$3,700,000",Puebla,Puebla,153 m²,250 m²,,3,4,2,0 años,,,,,,,,,,,,,,,,,
1344752783,zacatecas,casa,https://casa.metroscubicos.com/MLM-1344752783-casa-habitacion-bastante-centrica-cerca-de-agencia-automotriz-comercios-_JM,"$865,000",Guadalupe,Lomas Del Consuelo,60 m²,120 m²,,2,1,1,21 años,,,,,,,,,,,,,,,,,
1391191068,zacatecas,casa,https://casa.metroscubicos.com/MLM-1391191068-casa-sola-en-venta-valle-los-fresnos-_JM,"$1,060,000",Zacatecas,Guadalupe,131 m²,77 m²,,3,2,,1 años,,,,,,,,,,,,,,,,,
1346976278,zacatecas,edificio,https://casa.metroscubicos.com/MLM-1346976278-edificio-de-departamentos-4-plantas-centrico-para-rentar-a-estudiantes-_JM,"$8,000,000",Zacatecas,La Peñuela,382 m²,640 m²,,8,4,1,29 años,,,,,,,,,,,,,,,,,
1391216939,zacatecas,casa,https://casa.metroscubicos.com/MLM-1391216939-casa-sola-en-venta-la-comarca-_JM,"$498,000",Guadalupe,La Martinica,75 m²,43 m²,,2,1,,9 años,,,,,,,,,,,,,,,,,
1391223545,zacatecas,casa,https://casa.metroscubicos.com/MLM-1391223545-casa-sola-en-venta-1910-_JM,"$3,500,000",Zacatecas,Guadalupe,295 m²,227 m²,,4,4,,0 años,,,,,,,,,,,,,,,,,
1391203998,zacatecas,casa,https://casa.metroscubicos.com/MLM-1391203998-casa-sola-en-venta-campo-real-_JM,"$598,000",Zacatecas,Guadalupe,90 m²,41 m²,,1,1,,0 años,,,,,,,,,,,,,,,,,
1391165457,zacatecas,casa,https://casa.metroscubicos.com/MLM-1391165457-casa-sola-en-venta-villas-de-guadalupe-_JM,"$770,000",Guadalupe,Villas De Guadalupe,139 m²,45 m²,,2,1,,5 años,,,,,,,,,,,,,,,,,
1391191069,zacatecas,casa,https://casa.metroscubicos.com/MLM-1391191069-casa-sola-en-venta-valle-los-fresnos-_JM,"$1,080,000",Zacatecas,Guadalupe,98 m²,99 m²,,3,3,,1 años,,,,,,,,,,,,,,,,,
1365828591,zacatecas,casa,https://casa.metroscubicos.com/MLM-1365828591-casa-bastante-amplia-con-muy-buenos-acabados-cerca-de-nueva-zona-comercial-_JM,"$1,485,000",Calera,Año de Juárez,250 m²,336 m²,,5,1,2,23 años,,,,,,,,,,,,,,,,,
1376904268,zacatecas,de,https://casa.metroscubicos.com/MLM-1376904268-de-oportunidad-casa-en-la-estacion-de-3-recamaras-excelente-precio-_JM,"$695,000",Calera,Estación Víctor Rosales,105 m²,126.68 m²,,3,1,,12 años,,,,,,,,,,,,,,,,,
1390652066,zacatecas,casa,https://casa.metroscubicos.com/MLM-1390652066-casa-sola-en-venta-delicias-_JM,"$1,425,000",Jerez,Modelo,160 m²,75 m²,,2,2,,7 años,,,,,,,,,,,,,,,,,
1418201432,zacatecas,excelente,https://casa.metroscubicos.com/MLM-1418201432-excelente-casa-de-3-recamaras-en-la-zona-de-mayor-crecimiento-de-la-ciudad-_JM,"$2,130,000",Guadalupe,Mina Azul,190 m²,150 m²,,3,3,2,1 años,,Norte,0 MXN,,,,,,,,,,,,,,
1416970940,zacatecas,casa,https://casa.metroscubicos.com/MLM-1416970940-casa-habitacion-excelente-ubicacion-de-4-recamaras-cerca-de-comercios-y-escuelas-_JM,"$1,680,000",Guadalupe,La Fé,105 m²,180 m²,2,4,2,2,14 años,2,Norte,0 MXN,,,,,,,,,,,,,,
1391216942,zacatecas,casa,https://casa.metroscubicos.com/MLM-1391216942-casa-sola-en-venta-valles-ii-_JM,"$1,785,000",Guadalupe,Valles II,90 m²,171 m²,,4,4,,0 años,,,,,,,,,,,,,,,,,
1338094696,zacatecas,casa,https://casa.metroscubicos.com/MLM-1338094696-casa-venta-en-zacatecas-_JM,"$900,000",Guadalupe,Villas De Guadalupe,75 m²,125 m²,,4,3,,17 años,,,,,,,,,,,,,,,,,
1421944729,zacatecas,casa,https://casa.metroscubicos.com/MLM-1421944729-casa-para-credito-infonavit-dos-recamarasno-dejes-pasar-la-oportunidad-_JM,"$393,000",Guadalupe,División Del Norte,90 m²,42 m²,2,2,1,1,4 años,,Norte,0 MXN,,,,,,,,,,,,,,
1416780653,zacatecas,casa,https://casa.metroscubicos.com/MLM-1416780653-casa-de-4-recamaras-en-excelente-ubicacion-desarrollo-y-crecimiento-_JM,"$1,700,000",Zacatecas,Villas Universidad,96 m²,130 m²,4,4,2,1,3 años,2,Norte,0 MXN,,,,,,,,,,,,,,
1417001790,zacatecas,centrica,https://casa.metroscubicos.com/MLM-1417001790-centrica-casa-habitacion-con-terraza-comercial-equipada-para-restaurant-_JM,"$3,200,000",Guadalupe,Guadalupe Centro,133 m²,300 m²,3,4,2,,7 años,3,Norte,0 MXN,,,,,,,,,,,,,,
1418853946,zacatecas,rancho,https://casa.metroscubicos.com/MLM-1418853946-rancho-agricola-37hs-la-colorada-casa-grande-capilla-bodega-luz-agua-pozo-_JM,"$7,000,000",Panuco,Otra Colonia,370000 mÂ²,250 mÂ²,1,,,10,,1,,0 MXN,5,4,Norte,15 aÃ±os,,,,,,,,,,
1386992207,zacatecas,casa,https://casa.metroscubicos.com/MLM-1386992207-casa-en-venta4-recamaras-amplios-espaciosexcelente-ubicacion-e-iluminacion-_JM,"$4,200,000",Zacatecas,Tecnológica,222 m²,278 m²,,4,2,6,30 años,,,,,,,,,,,,,,,,,
874457664,zacatecas,quinta,https://casa.metroscubicos.com/MLM-874457664-quinta-en-venta-en-pinos-zacatecas-_JM,"$3,500,000",Zacatecas,Pinos,1680 m²,750 m²,,5,6,,10 años,,,0 MXN,,,,,,,,,,,,,,
1401102240,zacatecas,casa,https://casa.metroscubicos.com/MLM-1401102240-casa-sola-en-venta-buenos-aires-_JM,"$3,820,000",Zacatecas,Buenos Aires,150 m²,353 m²,,5,6,,22 años,,,,,,,,,,,,,,,,,
1398692779,zacatecas,las,https://casa.metroscubicos.com/MLM-1398692779-las-arboledas-_JM,"$69,378,000",Zacatecas,Las Haciendas,2136 m²,5124 m²,,,,,,,,,,,,,,,,,,,,,,
1415620369,zacatecas,casa,https://casa.metroscubicos.com/MLM-1415620369-casa-nueva-fraccionamiento-con-acceso-rapido-y-centrico-de-calera-vr-_JM,"$724,500",Calera,Otra Colonia,99 m²,50 m²,,2,1,1,1 años,,Norte,0 MXN,,,,,,,,,,,,,,
1391350373,zacatecas,casa,https://casa.metroscubicos.com/MLM-1391350373-casa-sola-en-venta-zona-centro-_JM,"$2,500,000",Zacatecas,Zacatecas,137 m²,187 m²,,3,3,,0 años,,,,,,,,,,,,,,,,,
1306123236,zacatecas,casa,https://casa.metroscubicos.com/MLM-1306123236-casa-en-venta-en-zacatecas-imm-_JM,"$925,247",Guadalupe,Guadalupe,160 m²,160 m²,,3,2,2,5 años,,,,,,,,,,,,,,,,,
939024400,zacatecas,casa,https://casa.metroscubicos.com/MLM-939024400-casa-habitacion-en-zacatecas-con-posibilidad-de-amipliacion-o-desarrollo-_JM,"$1,850,000",Zacatecas,La Herradura,300 m²,260 m²,,7,2,1,20 años,,,,,,,,,,,,,,,,,
1414762749,zacatecas,casas,https://casa.metroscubicos.com/MLM-1414762749-casas-en-venta-ciudad-guadalupe-centro-_JM,"$4,100,000",Guadalupe,Guadalupe Centro,340 m²,136 m²,,,,,,,,,,,,,,,,,,,,,,
1379525518,zacatecas,casa,https://casa.metroscubicos.com/MLM-1379525518-casa-en-venta-en-galerias-guadalupe-zacatecas-rb-_JM,"$465,717",Guadalupe,Guadalupe,120 m²,120 m²,,3,2,2,,,,,,,,,,,,,,,,,,
1324584443,zacatecas,casa,https://casa.metroscubicos.com/MLM-1324584443-casa-en-fracc-lomas-del-lago-zacatecas-_JM,"$1,138,500",Zacatecas,Lomas Del Lago,160 m²,166 m²,,4,2,2,,2,,,,,,,1,,,,,,,,,
1379511659,zacatecas,casa,https://casa.metroscubicos.com/MLM-1379511659-casa-en-venta-en-privada-galeana-mina-azul-guadalupe-zacatecas-rb-_JM,"$472,533",Guadalupe,Mina Azul,120 m²,120 m²,,3,2,2,,,,,,,,,,,,,,,,,,
1405634180,zacatecas,residencia,https://casa.metroscubicos.com/MLM-1405634180-residencia-en-lomas-de-bernardez-acceso-por-pedro-coronel-_JM,"$10,200,000",Guadalupe,Lomas De Bernardez,538 m²,374 m²,,4,4,4,8 años,1,,,,,,,,,,,,,,,,
1323158881,zacatecas,casa,https://casa.metroscubicos.com/MLM-1323158881-casa-en-venta-zacatecas-centro-primer-cuadro-de-la-ciudad-_JM,"$2,200,000",Zacatecas,Colonial Zacatecas,240 m²,200 m²,,4,1,,,,,,,,,,,,,,,,,,,
1406021204,zacatecas,residencia,https://casa.metroscubicos.com/MLM-1406021204-residencia-con-vista-al-campo-de-golf-_JM,"$15,500,000",Guadalupe,Lomas De Bernardez,500 m²,650 m²,,3,4,5,10 años,2,,,,,,,,,,,,,,,,
1379530410,zacatecas,casa,https://casa.metroscubicos.com/MLM-1379530410-casa-en-venta-en-vialidad-siglo-xxi-montebello-guadalupe-zacatecas-rb-_JM,"$413,842",Guadalupe,Guadalupe,120 m²,120 m²,,3,2,2,,,,,,,,,,,,,,,,,,
1406021238,zacatecas,residencia,https://casa.metroscubicos.com/MLM-1406021238-residencia-en-venta-lomas-de-bernardez-vista-al-cam-_JM,"$9,200,000",Guadalupe,Lomas De Bernardez,452 m²,363 m²,,4,4,4,,,,,,,,,,,,,,,,,,
1379479804,zacatecas,casa,https://casa.metroscubicos.com/MLM-1379479804-casa-en-venta-en-eden-blanco-rinconada-del-eden-guadalupe-zacatecas-rb-_JM,"$540,765",Guadalupe,Rincón Colonial,120 m²,120 m²,,3,2,2,,,,,,,,,,,,,,,,,,
1406994386,zacatecas,hermosa,https://casa.metroscubicos.com/MLM-1406994386-hermosa-casa-las-margaritas-guadalupe-zac-fvc-_JM,"$486,280",Guadalupe,Margaritas,79 m²,84 m²,,2,1,1,,2,,,,,,,,,,,,,,,,
1379511565,zacatecas,casa,https://casa.metroscubicos.com/MLM-1379511565-casa-en-venta-en-valle-verde-villas-de-guadalupe-guadalupe-zacatecas-rb-_JM,"$462,009",Guadalupe,Villas De Guadalupe,120 m²,120 m²,,3,2,2,,,,,,,,,,,,,,,,,,
1406182425,zacatecas,casa,https://casa.metroscubicos.com/MLM-1406182425-casa-en-bellavista-guadalupe-zacatecas-_JM,"$2,100,000",Guadalupe,Bellavista,200 m²,240 m²,,3,3,3,,2,,,,,,,,,,,,,,,,
1379511627,zacatecas,casa,https://casa.metroscubicos.com/MLM-1379511627-casa-en-venta-en-san-juan-loma-bonita-guadalupe-zacatecas-rb-_JM,"$631,833",Guadalupe,Lomas Del Convento,120 m²,120 m²,,3,2,2,,,,,,,,,,,,,,,,,,
1389722290,zacatecas,rb,https://casa.metroscubicos.com/MLM-1389722290-rb-casa-en-venta-en-del-castillo-villareal-guadalupe-zacatecas-_JM,"$391,992",Guadalupe,Villa Colonial,120 m²,120 m²,,3,2,2,,,,,,,,,,,,,,,,,,
1379498480,zacatecas,casa,https://casa.metroscubicos.com/MLM-1379498480-casa-en-venta-en-cerro-del-papanton-los-pirules-guadalupe-zacatecas-rb-_JM,"$424,000",Guadalupe,Los Pirules,120 m²,120 m²,,3,2,2,,,,,,,,,,,,,,,,,,
1413350745,zacatecas,casas,https://casa.metroscubicos.com/MLM-1413350745-casas-nuevas-en-venta-villas-universidad-_JM,"$2,080,000",Zacatecas,Villas Universidad,120 m²,90 m²,2,3,3,2,0 años,2,,,,,,,,,,,,,,,,
1379517527,zacatecas,hermosa,https://casa.metroscubicos.com/MLM-1379517527-hermosa-en-venta-en-privada-lucca-la-toscana-guadalupe-zacatecas-rb-_JM,"$2,921,600",Guadalupe,La Toscana,120 m²,120 m²,,3,2,2,,,,,,,,,,,,,,,,,,
1406263916,zacatecas,casa,https://casa.metroscubicos.com/MLM-1406263916-casa-en-las-arboledas-guadalupe-zacatecas-_JM,"$2,400,000",Guadalupe,Las Arboledas,150 m²,240 m²,,4,3,1,,,,,,,,,,,,,,,,,,
1386081938,zacatecas,rb,https://casa.metroscubicos.com/MLM-1386081938-rb-casa-en-venta-en-privada-de-pisa-la-toscana-guadalupe-zacatecas-_JM,"$2,899,383",Guadalupe,La Toscana,150 m²,150 m²,,3,2,2,,,,,,,,,,,,,,,,,,
1386070025,zacatecas,rb,https://casa.metroscubicos.com/MLM-1386070025-rb-casa-en-venta-en-convento-de-san-agustin-villas-del-monasterio-guadalupe-zacatecas-_JM,"$518,811",Guadalupe,Villas Del Monasterio,120 m²,120 m²,,3,2,2,,,,,,,,,,,,,,,,,,
1406251244,zacatecas,casa,https://casa.metroscubicos.com/MLM-1406251244-casa-en-privada-alta-vista-guadalupe-zacatecas-_JM,"$2,650,000",Guadalupe,Otra Colonia,150 m²,200 m²,,3,3,2,,2,,,,,,,,,,,,,,,,
1411428999,zacatecas,casa,https://casa.metroscubicos.com/MLM-1411428999-casa-en-venta-en-privada-en-el-centro-de-zacatecas-_JM,"$4,200,000",Zacatecas,Sierra De Alica,166 m²,240 m²,4,3,3,1,,2,,,,,,,,,,,,,,,,
1420907960,zacatecas,rb,https://casa.metroscubicos.com/MLM-1420907960-rb-vr-venta-de-casa-en-montebello-zacatecas-_JM,"$1,086,546",Zacatecas,Zacatecas Centro,110 m²,160 m²,,3,2,1,,2,,,,,,,,,,,,,,,,
1415023651,zacatecas,bonita,https://casa.metroscubicos.com/MLM-1415023651-bonita-casa-en-privada-paseo-del-convento-zacatecas-unica-remate-aefp-_JM,"$486,280",Guadalupe,Margaritas,79 m²,84 m²,,2,1,1,13 años,2,,,,,,,,,,,,,,,,
1403085050,zacatecas,hurban,https://casa.metroscubicos.com/MLM-1403085050-hurban-vende-casa-en-coto-por-la-salida-a-zacatecas-_JM,"$1,422,000",JesÃºs Maria,La Guayana (rancho Seco),102 mÂ²,101 mÂ²,5,,,,,,,,3,1,,0 aÃ±os,,,,,,,,,,
1388392542,zacatecas,rb,https://casa.metroscubicos.com/MLM-1388392542-rb-venta-de-casa-en-las-arboledas-guadalupe-zacatecas-_JM,"$1,232,500",Guadalupe,Las Arboledas,111 m²,120 m²,,3,2,2,,2,,,,,,,,,,,,,,,,
1389220516,zacatecas,rb,https://casa.metroscubicos.com/MLM-1389220516-rb-venta-de-casa-en-guadalupe-zacatecas-_JM,"$465,717",Guadalupe,Lomas Del Convento,98 m²,150 m²,,3,2,1,,2,,,,,,,,,,,,,,,,
1414990234,zacatecas,hermosa,https://casa.metroscubicos.com/MLM-1414990234-hermosa-casa-en-benito-juarez-zacatecas-zac-oportunidad-aefp-_JM,"$1,563,800",Zacatecas,Benito Juárez,176 m²,318 m²,,3,2,1,20 años,2,,,,,,,,,,,,,,,,
1379506251,zacatecas,casa,https://casa.metroscubicos.com/MLM-1379506251-casa-en-venta-en-andador-mar-california-guadalupe-zacatecas-rb-_JM,"$608,800",Guadalupe,Guadalupe,120 m²,120 m²,,3,2,2,,,,,,,,,,,,,,,,,,
1407830821,zacatecas,casa,https://casa.metroscubicos.com/MLM-1407830821-casa-en-venta-en-privada-san-rafael-un-solo-nivel-_JM,"$1,690,000",Zacatecas,Colinas Del Padre,130 m²,110 m²,,2,2,1,,1,,,,,,,,,,,,,,,,
1408148385,zacatecas,vive,https://casa.metroscubicos.com/MLM-1408148385-vive-cerca-del-centro-de-zacatecas-lomas-de-la-soledad-4-recamaras-3-banos-completos--_JM,"$3,500,000",Zacatecas,Lomas De La Soledad,196 m²,337 m²,,4,3,1,,2,,,,,,,,,,,,,,,,
1410880453,zacatecas,hermosa,https://casa.metroscubicos.com/MLM-1410880453-hermosa-casa-en-b-juarez-zacatecas-zac-oportunidad-fvc-_JM,"$1,563,800",Zacatecas,Benito Juárez,176 m²,318 m²,,3,2,1,,2,,,,,,,1,,,,,,,,,
1401299454,zacatecas,casa,https://casa.metroscubicos.com/MLM-1401299454-casa-en-venta-en-privada-fracc-mina-azul-en-gpe-_JM,"$1,100,000",Guadalupe,Mina Azul,90 m²,120 m²,,3,2,1,,2,,,,,,,,,,,,,,,,
1406250776,zacatecas,casa,https://casa.metroscubicos.com/MLM-1406250776-casa-en-el-centro-de-guadalupe-zacatecas-_JM,"$2,100,000",Guadalupe,Guadalupe Centro,240 m²,340 m²,,4,4,2,,2,,,,,,,,,,,,,,,,
1386063749,zacatecas,rb,https://casa.metroscubicos.com/MLM-1386063749-rb-casa-en-venta-en-hacienda-de-trancoso-conde-de-bernardez-guadalupe-zacatecas-_JM,"$684,447",Guadalupe,Conde De Bernardez,120 m²,120 m²,,3,2,2,,,,,,,,,,,,,,,,,,
1379517790,zacatecas,casa,https://casa.metroscubicos.com/MLM-1379517790-casa-en-venta-en-villa-de-los-bosques-villas-de-guadalupe-guadalupe-zacatecas-rb-_JM,"$407,245",Guadalupe,Villas De Guadalupe,120 m²,120 m²,,3,2,2,,,,,,,,,,,,,,,,,,
1379524199,zacatecas,casa,https://casa.metroscubicos.com/MLM-1379524199-casa-en-venta-cerro-del-papanton-los-pirules-guadalupe-zacatecas-rb-_JM,"$424,000",Guadalupe,Los Pirules,120 m²,120 m²,,3,2,2,,,,,,,,,,,,,,,,,,
1379511348,zacatecas,casa,https://casa.metroscubicos.com/MLM-1379511348-casa-en-venta-en-jardines-del-convento-las-margaritas-guadalupe-zacatecas-rb-_JM,"$503,153",Guadalupe,Margaritas,120 m²,120 m²,,3,2,2,,,,,,,,,,,,,,,,,,
1386063722,zacatecas,rb,https://casa.metroscubicos.com/MLM-1386063722-rb-casa-en-venta-en-hidalgo-calera-de-victor-rosales-centro-zacatecas-_JM,"$705,634",Calera,Calera de Víctor Rosales Centro,120 m²,120 m²,,3,2,2,,,,,,,,,,,,,,,,,,
1409444089,zacatecas,rb,https://casa.metroscubicos.com/MLM-1409444089-rb-casa-en-venta-en-calle-valle-bravo-del-valle-zacatecas-_JM,"$585,724",Zacatecas,Residencial Del Valle,120 m²,120 m²,,3,2,2,,,,,,,,,,,,,,,,,,
1409526060,zacatecas,rb,https://casa.metroscubicos.com/MLM-1409526060-rb-casa-en-venta-en-monte-caliz-montebello-zacatecas-_JM,"$1,086,546",Guadalupe,Otra Colonia,120 m²,120 m²,,3,2,2,,,,,,,,,,,,,,,,,,
1386081602,zacatecas,rb,https://casa.metroscubicos.com/MLM-1386081602-rb-casa-en-venta-en-tanzania-la-fe-guadalupe-zacatecas-_JM,"$521,119",Guadalupe,La Fé,120 m²,120 m²,,3,2,2,,,,,,,,,,,,,,,,,,
1409545352,zacatecas,rb,https://casa.metroscubicos.com/MLM-1409545352-rb-casa-en-venta-en-calle-caballitos-francisco-goytia-fresnillo-zacatecas-_JM,"$638,359",Fresnillo,Francisco Goytia Infonavit,120 m²,120 m²,,3,2,2,,,,,,,,,,,,,,,,,,
1324455763,zacatecas,oportunidad,https://casa.metroscubicos.com/MLM-1324455763-oportunidad-casa-zacatecas-_JM,"$956,532",Gustavo A. Madero,Providencia,135 m²,270 m²,,4,3,2,8 años,3,,,,,,,,,,,,,,,,
1409582514,zacatecas,rb,https://casa.metroscubicos.com/MLM-1409582514-rb-casa-en-venta-en-juan-de-tolosa-fresnillo-centro-zacatecas-_JM,"$2,541,750",Fresnillo,Fresnillo Centro,120 m²,120 m²,,3,2,2,,,,,,,,,,,,,,,,,,
1389798282,zacatecas,rb,https://casa.metroscubicos.com/MLM-1389798282-rb-casa-en-venta-en-rosalio-muro-apozol-zacatecas-_JM,"$980,585",Apozol,Apozol,120 mÂ²,120 mÂ²,,,,2,,,,,3,2,,,,,,,,,,,,
1409432277,zacatecas,rb,https://casa.metroscubicos.com/MLM-1409432277-rb-casa-en-venta-en-calle-terraplen-caminera-zacatecas-_JM,"$1,842,769",Zacatecas,Caminera,120 m²,120 m²,,3,2,2,,,,,,,,,,,,,,,,,,
1400858120,zacatecas,hermosa,https://casa.metroscubicos.com/MLM-1400858120-hermosa-casa-de-venta-en-jerez-zacatecas-en-el-fraccionamiento-jardines-de-ramon-lopez-velarde-_JM,"$2,750,000",Jerez,Jardines De Ramón López Velarde,280 m²,240 m²,,5,3,3,,2,,,,,,,,,,,,,,,,
1389849353,zacatecas,rb,https://casa.metroscubicos.com/MLM-1389849353-rb-venta-de-casa-en-guadalupe-zacatecas-_JM,"$449,200",Guadalupe,Privada del Bosque,65 m²,65 m²,,2,1,1,,1,,,,,,,,,,,,,,,,
1403091588,zacatecas,hurban,https://casa.metroscubicos.com/MLM-1403091588-hurban-vende-casa-en-coto-por-la-salida-a-zacatecas-_JM,"$1,565,000",JesÃºs Maria,La Guayana (rancho Seco),102 mÂ²,108 mÂ²,7,,,2,,,,,4,3,,0 aÃ±os,,,,,,,,,,
1416226372,zacatecas,casa,https://casa.metroscubicos.com/MLM-1416226372-casa-en-venta-en-lomas-de-angelopolis-cluster-zacatecas-puebla-_JM,"$4,600,000",San AndrÃ©s Cholula,Lomas de AngelÃ³polis II,180 mÂ²,300 mÂ²,,,,2,,,,,4,6,,0 aÃ±os,,,,,,,,,,
1401925995,zacatecas,gran,https://casa.metroscubicos.com/MLM-1401925995-gran-oportunidad-casa-en-remate-las-arboledas-zacatecas-_JM,"$1,063,000",Guadalupe,Las Arboledas,97 m²,140 m²,,3,2,1,,,,,,,,,,,,,,,,,,
1408250066,zacatecas,casa,https://casa.metroscubicos.com/MLM-1408250066-casa-en-venta-privada-conde-de-santiago-de-la-laguna-en-guadalupe-_JM,"$3,000,000",Guadalupe,Conde De Bernardez,129 m²,215 m²,,3,3,1,,2,,,,,,,,,,,,,,,,
1379029685,zacatecas,vr,https://casa.metroscubicos.com/MLM-1379029685-vr-casa-en-venta-oyamel-col-arboledas-guadalupe-zacatecas-_JM,"$1,232,500",Guadalupe,Las Arboledas,130 m²,130 m²,,3,2,2,,,,,,,,,,,,,,,,,,
1349353656,zacatecas,casa,https://casa.metroscubicos.com/MLM-1349353656-casa-en-remate-en-lomas-del-valle-guadalupe-zacatecas-ncm-_JM,"$355,000",Guadalupe,Valles I,70 m²,60 m²,,2,1,2,,,,,,,,,,,,,,,,,,
865398383,zacatecas,casa,https://casa.metroscubicos.com/MLM-865398383-casa-en-venta-en-zacatecas-_JM,"$3,200,000",Guadalupe,Geraneos II,234 m²,236 m²,9,6,2,2,22 años,,,,,,,,,,,,,,,,,
1384378852,zacatecas,casa,https://casa.metroscubicos.com/MLM-1384378852-casa-sola-en-venta-benito-juarez-_JM,"$1,694,700",Zacatecas,Benito Juárez,180 m²,360 m²,,4,2,,0 años,,,,,,,,,,,,,,,,,
1384411378,zacatecas,casa,https://casa.metroscubicos.com/MLM-1384411378-casa-sola-en-venta-1ro-de-mayo-_JM,"$2,433,000",Zacatecas,Guadalupe,224 m²,316 m²,,3,2,,0 años,,,,,,,,,,,,,,,,,
1390677859,zacatecas,casa,https://casa.metroscubicos.com/MLM-1390677859-casa-sola-en-venta-jardines-de-jerez-_JM,"$4,650,000",Jerez,Jerez Centro,381 m²,255 m²,,4,4,,20 años,,,,,,,,,,,,,,,,,
1386058046,zacatecas,er,https://casa.metroscubicos.com/MLM-1386058046-er-casa-en-venta-en-palma-real-zacatecas-_JM,"$561,861",Aguascalientes,Bajío De las Palmas,85 m²,120 m²,,3,2,1,,1,,,,,,,,,,,,,,,,
1409544631,zacatecas,st6267,https://casa.metroscubicos.com/MLM-1409544631-st6267-remate-de-casa-en-monte-bello-zacatecas-dm-_JM,"$1,086,546",Zacatecas,Otra Colonia,98 m²,110 m²,2,2,2,2,1 años,2,,,,,,,1,,,,,,,,,
1372826313,zacatecas,,https://casa.metroscubicos.com/MLM-1372826313--exelente-oportunidad-en-mina-azul-gpe-zacatecas-_JM,"$465,339",Guadalupe,Mina Azul,60 m²,60 m²,,2,1,1,,,,,,,,,,,,,,,,,,
1422855121,zacatecas,amplia,https://casa.metroscubicos.com/MLM-1422855121-amplia-casa-en-calle-espana-col-emiliano-zapata-_JM,"$1,699,000",Guadalupe,La Fé,105 m²,250 m²,,6,3,1,5 años,2,,,,,,,,,,,,,,,,
1408950194,zacatecas,se,https://casa.metroscubicos.com/MLM-1408950194-se-vende-inmueble-comercial-y-habitacional-atras-de-catedral-en-zacatecas-_JM,"$6,900,000",Zacatecas,Zacatecas Centro,233250 m²,347300 m²,2,4,4,,65 años,2,Norte,,,,,,,,,,,,,,,
1419274663,zacatecas,casa,https://casa.metroscubicos.com/MLM-1419274663-casa-3-pisos-y-terraza-terraza-amplia-y-excelente-ubicacion-_JM,"$1,850,000",Guadalupe,Guadalupe,90 m²,170 m²,,5,2,1,12 años,,Oriente,,,,,,,,,,,,,,,
1423922169,zacatecas,7,https://casa.metroscubicos.com/MLM-1423922169-7-cuartos-2-banos-sala-comedor-cochera-etc-_JM,"$2,700,000",Villanueva,Villanueva,600 m²,600 m²,,7,2,1,,,,,,,,,,,,,,,,,,
1424859122,zacatecas,casa,https://casa.metroscubicos.com/MLM-1424859122-casa-amplia-en-zacatecas-ampliacion-fracc-bellavista-_JM,"$980,000",Zacatecas,Bellavista,110.07 m²,176.43 m²,,4,3,1,,,,,,,,,,,,,,,,,,
1408529262,zacatecas,casa,https://casa.metroscubicos.com/MLM-1408529262-casa-3-recamaras-y-3-banos-sala-cosita-comedor-lavanderia-_JM,"$111,111,111",Morelos,Las Pilas Morelos,111111 mÂ²,111111 mÂ²,,,,1,,,,,3,3,,,,,,,,,,,,
1400449325,zacatecas,exelente,https://casa.metroscubicos.com/MLM-1400449325-exelente-casa-en-privada-en-los-geranios-_JM,"$2,500,000",Guadalupe,Geranios,144 m²,160 m²,2,3,3,1,,2,,400 MXN,,,,,,,,,,,,,,
1403531782,zacatecas,casa,https://casa.metroscubicos.com/MLM-1403531782-casa-nueva-_JM,"$730,000",Guadalupe,La Fé,105 m²,59 m²,,2,1,1,,1,,,,,,,,,,,,,,,,
1397323756,zacatecas,casa,https://casa.metroscubicos.com/MLM-1397323756-casa-de-2-pisos-_JM,"$820,000",Zacatecas,Estrella De Oro,80 m²,80 m²,1,2,1,1,3 años,,Norte,200 MXN,,,,,1,,,,,,,,,
1317100563,zacatecas,4855,https://departamento.metroscubicos.com/MLM-1317100563-4855-zacatecas-3-_JM,"$4,750,000",Cuauhtémoc,Roma Norte,70 m²,70 m²,,1,2,1,,,,,,,,,,,,,,,,,,
1426576651,zacatecas,dos,https://departamento.metroscubicos.com/MLM-1426576651-dos-departamentos-duplex-en-colinas-del-padre-zacatecas-se-pueden-convertir-en-casa-_JM,"$1,850,000",Zacatecas,Colinas Del Padre,119 m²,168 m²,,4,2,,,2,,,,,,,,,,1,,,,,,
1374218885,zacatecas,zacatecas,https://departamento.metroscubicos.com/MLM-1374218885-zacatecas-roma-norte-_JM,"$12,500,000",Cuauhtémoc,Roma Norte,219 m²,219 m²,5,3,2,2,5 años,,,,,,,,,,,,,,,,,
1355122667,zacatecas,bonito,https://departamento.metroscubicos.com/MLM-1355122667-bonito-ph-en-venta-col-roma-zacatecas-_JM,"$12,700,000",Cuauhtémoc,Roma Sur,284 m²,284 m²,7,3,3,2,0 años,,,,,,,,,,,,,,,,,
1317146298,zacatecas,5605,https://departamento.metroscubicos.com/MLM-1317146298-5605-zacatecas-roma-norte-_JM,"$13,400,000",Cuauhtémoc,Roma Norte,184 m²,184 m²,,3,3,2,,,,,,,,,,,,,,,,,,
1394934569,zacatecas,departamento,https://departamento.metroscubicos.com/MLM-1394934569-departamento-en-venta-roma-norte-zacatecas-_JM,"$3,725,000",Cuauhtémoc,Roma Norte,57 m²,57 m²,,1,1,,3 años,,,,,,,,,,,,,,,,,
1421735408,zacatecas,departamento,https://departamento.metroscubicos.com/MLM-1421735408-departamento-en-calle-zacatecas-col-roma-norte-_JM,"$11,670,000",Cuauhtémoc,Roma Norte,201 m²,201 m²,5,3,2,2,0 años,,,,,,,,,,,,,,,,,
1421715905,zacatecas,departamento,https://departamento.metroscubicos.com/MLM-1421715905-departamento-calle-zacatecas-col-roma-norte-_JM,"$11,100,000",Cuauhtémoc,Roma Norte,194 m²,194 m²,5,3,2,2,0 años,,,,,,,,,,,,,,,,,
1394934471,zacatecas,departamento,https://departamento.metroscubicos.com/MLM-1394934471-departamento-en-venta-calle-zacatecas-roma-norte-_JM,"$4,590,000",Cuauhtémoc,Roma Norte,72 m²,72 m²,,1,2,1,3 años,,,,,,,,,,,,,,,,,
1394921457,zacatecas,departamento,https://departamento.metroscubicos.com/MLM-1394921457-departamento-en-venta-roma-norte-calle-zacatecas-22-2024-nc-_JM,"$12,900,005",Cuauhtémoc,Roma Norte,284 m²,284 m²,,3,3,2,2 años,,,,,,,,,,,,,,,,,
1392902827,zacatecas,departamento,https://departamento.metroscubicos.com/MLM-1392902827-departamento-en-venta-en-calle-zacatecasroma-norte-ru-22-2024-_JM,"$12,900,004",Cuauhtémoc,Roma Norte,284 m²,284 m²,,3,3,2,2 años,,,,,,,,,,,,,,,,,
1421703037,zacatecas,departamento,https://departamento.metroscubicos.com/MLM-1421703037-departamento-calle-zacatecas-col-roma-norte-_JM,"$9,550,000",Cuauhtémoc,Roma Norte,161 m²,161 m²,4,2,2,2,0 años,,,,,,,,,,,,,,,,,
1394903875,zacatecas,penthouse,https://departamento.metroscubicos.com/MLM-1394903875-penthouse-en-venta-en-roma-norte-calle-zacatecas-22-2024-_JM,"$12,900,000",Cuauhtémoc,Roma Norte,284 m²,284 m²,,3,3,2,0 años,,,,,,,,,,,,,,,,,
1394915300,zacatecas,penthouse,https://departamento.metroscubicos.com/MLM-1394915300-penthouse-en-roma-norte-zacatecas-lc212447-_JM,"$12,900,000",Cuauhtémoc,Roma Norte,284 m²,284 m²,,3,3,2,0 años,,,,,,,,,,,,,,,,,
1418162813,zacatecas,venta,https://departamento.metroscubicos.com/MLM-1418162813-venta-departamento-zacatecas-roma-norte-_JM,"$12,500,001",Cuauhtémoc,Roma Norte,219 m²,219 m²,,3,2,2,,,,,,,,,,,,,,,,,,
1394941030,zacatecas,departamento,https://departamento.metroscubicos.com/MLM-1394941030-departamento-en-venta-roma-norte-calle-zacatecas-21-2447-nc-_JM,"$12,900,005",Cuauhtémoc,Roma Norte,284 m²,284 m²,,3,3,2,2 años,,,,,,,,,,,,,,,,,
1364465890,zacatecas,zacatecas,https://departamento.metroscubicos.com/MLM-1364465890-zacatecas-roma-sur-_JM,"$8,000,000",Cuauhtémoc,Roma Sur,127 m²,127 m²,4,2,2,2,0 años,,,,,,,,,,,,,,,,,
1364434343,zacatecas,zacatecas,https://departamento.metroscubicos.com/MLM-1364434343-zacatecas-roof-garden-estrene-_JM,"$9,481,000",Cuauhtémoc,Roma Sur,128 m²,128 m²,4,2,2,2,0 años,,,,,,,,,,,,,,,,,
1394971646,zacatecas,departamento,https://departamento.metroscubicos.com/MLM-1394971646-departamento-en-venta-en-calle-zacatecas-21-4975-_JM,"$4,495,000",Cuauhtémoc,Roma Norte,90 m²,90 m²,,3,2,2,0 años,,,,,,,,,,,,,,,,,
1394911135,zacatecas,departamento,https://departamento.metroscubicos.com/MLM-1394911135-departamento-en-venta-en-roma-norte-en-calle-zacatecas-211895-_JM,"$3,950,000",Cuauhtémoc,Roma Norte,57 m²,57 m²,,1,1,1,0 años,,,,,,,,,,,,,,,,,
1376638310,zacatecas,14758,https://departamento.metroscubicos.com/MLM-1376638310-14758-zacatecas-roma-norte-_JM,"$10,513,880",Cuauhtémoc,Roma Norte,202 m²,202 m²,,3,2,2,,,,,,,,,,,,,,,,,,
1395002849,zacatecas,departamento,https://departamento.metroscubicos.com/MLM-1395002849-departamento-en-venta-en-cuauhtemoc-roma-norte-zacatecas-211897ig-_JM,"$4,278,000",Cuauhtémoc,Roma Norte,67 m²,67 m²,,1,2,1,0 años,,,,,,,,,,,,,,,,,
1394911085,zacatecas,departamento,https://departamento.metroscubicos.com/MLM-1394911085-departamento-en-venta-en-zacatecas-roma-norte-211891ig-_JM,"$4,335,000",Cuauhtémoc,Roma Norte,69 m²,69 m²,,1,2,1,0 años,,,,,,,,,,,,,,,,,
952489107,zacatecas,departamento,https://departamento.metroscubicos.com/MLM-952489107-departamento-venta-zacatecas-roma-norte-pent-house-_JM,"$15,700,000",Cuauhtémoc,Roma Norte,270 m²,270 m²,,3,4,2,,,,,,,,,,,,,,,,,,
1394935393,zacatecas,departamento,https://departamento.metroscubicos.com/MLM-1394935393-departamento-en-venta-en-cuauhtemoc-zacatecas-211901ig-_JM,"$3,725,000",Cuauhtémoc,Roma Norte,57 m²,57 m²,,1,1,1,0 años,,,,,,,,,,,,,,,,,
952492176,zacatecas,depto,https://departamento.metroscubicos.com/MLM-952492176-depto-venta-punto-roma-zacatecas-roma-norte-garden-house-_JM,"$11,500,000",Cuauhtémoc,Roma Norte,161 m²,161 m²,,3,2,2,,,,,,,,,,,,,,,,,,
921925072,zacatecas,preventa,https://departamento.metroscubicos.com/MLM-921925072-preventa-departamentos-zacatecas-col-roma-norte-_JM,"$4,066,000",Cuauhtémoc,Roma Norte,95 m²,95 m²,4,2,2,,,,,,,,,,,,,,,,,,,
1394941724,zacatecas,penthouse,https://departamento.metroscubicos.com/MLM-1394941724-penthouse-en-venta-en-calle-zacatecas-21-2447-cr-_JM,"$14,700,000",Cuauhtémoc,Roma Norte,284 m²,284 m²,,3,3,2,0 años,,,,,,,,,,,,,,,,,
1394996739,zacatecas,penthouse,https://departamento.metroscubicos.com/MLM-1394996739-penthouse-en-venta-en-calle-zacatecas-21-2447-cr-_JM,"$14,700,000",Cuauhtémoc,Roma Norte,284 m²,284 m²,,3,3,,0 años,,,,,,,,,,,,,,,,,
1376638313,zacatecas,14657,https://departamento.metroscubicos.com/MLM-1376638313-14657-zacatecas-roma-norte-_JM,"$8,398,000",Cuauhtémoc,Roma Norte,161 m²,161 m²,,2,2,2,,,,,,,,,,,,,,,,,,
1420362115,zacatecas,terreno,https://terreno.metroscubicos.com/MLM-1420362115-terreno-en-venta-pueblo-antonio-r-vela-zacatecas-_JM,$9,El Plateado de Joaquin Amaro,Antonio R Vela,1238500 m²,,,,,,,,,,,,,,,,,,Otro,,,,,
1423385969,zacatecas,terreno,https://terreno.metroscubicos.com/MLM-1423385969-terreno-centrico-con-pavimento-_JM,"$2,300,000",Fresnillo,Barrio Alto,476 mÂ²,,,,,,,,,0 MXN,,,,,,,,,Otro,,,,,
1426271537,zacatecas,terreno,https://terreno.metroscubicos.com/MLM-1426271537-terreno-en-la-col-agronomica-ii-zacatecas-cerca-del-centro-y-de-las-instalaciones-de-la-feria-_JM,"$1,207,000",Zacatecas,AgronÃ³mica,140 mÂ²,,,,,,,,,,,,,,,,,,Asfalto,7 m,20 m,,,
1426251914,zacatecas,terreno,https://terreno.metroscubicos.com/MLM-1426251914-terreno-en-tierra-y-libertad-2a-seccion-guadalupe-zacatecas-_JM,"$149,300",Guadalupe,Tierra Y Libertad 2,99.53 mÂ²,,,,,,,,,,,,,,,,,,Asfalto,,,,,
1426246010,zacatecas,terreno,https://terreno.metroscubicos.com/MLM-1426246010-terreno-en-las-lomas-ii-guadalupe-zacatecas-_JM,"$688,000",Guadalupe,Guadalupe,172 mÂ²,,,,,,,,,,,,,,,,,,Asfalto,8 m,21.5 m,,,
1426239586,zacatecas,terreno,https://terreno.metroscubicos.com/MLM-1426239586-terreno-en-lomas-de-bernardez-guadalupe-zacatecas-_JM,"$6,125,000",Guadalupe,Lomas De Bernardez,490 mÂ²,,,,,,,,,,,,,,,,,,Asfalto,14 m,35 m,,,
1426277963,zacatecas,terreno,https://terreno.metroscubicos.com/MLM-1426277963-terreno-en-lomas-de-bernardez-guadalupe-zacatecas-_JM,"$5,525,000",Guadalupe,Lomas De Bernardez,442 mÂ²,,,,,,,,,,,,,,,,,,Asfalto,,,,,
1390365866,zacatecas,terreno,https://terreno.metroscubicos.com/MLM-1390365866-terreno-en-av-jaralito-de-336741-mts2-a-350-mts-de-carr-a-zacatecas-ubicado-a-un-costado-del-parque-industrial-pueblo-viejo-_JM,"$3,700,000",Mexquitic De Carmona,Mexquitic,3367 mÂ²,,,,,,,,,,,,,,,,,,-,,,,,
1336063548,zacatecas,terreno,https://terreno.metroscubicos.com/MLM-1336063548-terreno-centro-de-zacatecas-con-opcion-a-renta-75000-mas-impuestos-_JM,"$32,750,000",Zacatecas,Zacatecas Centro,2100 mÂ²,,,,,,,,,,,,,,,,,,Otro,,,,,
1326635736,zacatecas,venta,https://terreno.metroscubicos.com/MLM-1326635736-venta-de-terreno-industrial-en-pesquera-nl-_JM,"$3,100,000",Pesqueria,Zacatecas,886.5 mÂ²,,,,,,,,,,,,,,,,,,Otro,,,,,
1422232497,zacatecas,venta,https://terreno.metroscubicos.com/MLM-1422232497-venta-de-terreno-ecoturistico-en-el-poblado-de-jerez-zacatecas-en-mexico-_JM,"U$S4,500,000",Jerez,Jerez Centro,2000000 m²,,,,,,,,,50 MXN,,,,,,,,,Otro,,,,,
939024433,zacatecas,terreno,https://terreno.metroscubicos.com/MLM-939024433-terreno-listo-para-empezar-a-construir-tu-casa-de-campo-en-villanueva-zacatecas-_JM,"$164,500",Villanueva,Villanueva,200 mÂ²,,,,,,,,,,,,,,,,,,Otro,,,,,
1363036637,zacatecas,terrenos,https://terreno.metroscubicos.com/MLM-1363036637-terrenos-en-venta-en-chalchihuites-chalchihuites-_JM,"$16,900,000",Chalchihuites,Chalchihuites,26000000 mÂ²,,,,,,,,,,,,,,,,,,-,,,,,
950551524,zacatecas,terreno,https://terreno.metroscubicos.com/MLM-950551524-terreno-para-hotelbodega-patio-de-maniobras-sobre-carretera-federal-45-_JM,"$7,176,000",Zacatecas,La Escondida,3588.94 mÂ²,,,,,,,,,,,,,,,,,,Otro,,,,,
1387344705,zacatecas,terreno,https://terreno.metroscubicos.com/MLM-1387344705-terreno-en-venta-plateros-_JM,"$380,000",Fresnillo,Plateros,572 mÂ²,,,,,,,,,,,,,,,,,,-,,,,,
939024420,zacatecas,terreno,https://terreno.metroscubicos.com/MLM-939024420-terreno-listo-para-desarro-de-proyecto-departamentos-o-casas-frente-al-campus-_JM,"$1,350,000",Zacatecas,La Escondida,1000 mÂ²,,,,,,,,,,,,,,,,,,Otro,,,,,
1407809796,zacatecas,terrenos,https://terreno.metroscubicos.com/MLM-1407809796-terrenos-residenciales-en-venta-_JM,"$8,500",Zacatecas,Otra Colonia,168 mÂ²,,,,,,,,,,,,,,,,,,Asfalto,,,Regular,Otro,
1374189536,zacatecas,remate,https://terreno.metroscubicos.com/MLM-1374189536-remate-terreno-zacatecas-morelos-zac-rtv211206-af-_JM,"$650,000",Morelos,Hacienda Nueva,1703 mÂ²,,,,,,,,,,,,,,,,,,-,,,,,
939156954,zacatecas,terreno,https://terreno.metroscubicos.com/MLM-939156954-terreno-bardeado-sobre-libramiento-transito-pesado-patio-de-maniobras-bardeado-_JM,"$7,500,000",Zacatecas,El Orito,3181 mÂ²,,,,,,,,,,,,,,,,,,Otro,,,,,
1335806696,zacatecas,terreno,https://terreno.metroscubicos.com/MLM-1335806696-terreno-en-zona-habitacional-de-guadalupe-a-10-min-del-centro-y-escuelas-_JM,"$125,000",Guadalupe,AmpliaciÃ³n 2da SecciÃ³n Tierra y Libertad,140 mÂ²,,,,,,,,,,,,,,,,,,Otro,,,,,
939021276,zacatecas,nuevos,https://terreno.metroscubicos.com/MLM-939021276-nuevos-lotes-residenciales-a-la-venta-desde-165metros-hasta-300-metros-_JM,"$8,200",Zacatecas,Ciudad Gobierno,165 mÂ²,,,,,,,,,,,,,,,,,,Otro,,,,,
1378396920,zacatecas,remate,https://terreno.metroscubicos.com/MLM-1378396920-remate-terreno-zacatecas-morelos-zac-rtv211206-af-_JM,"$650,000",Morelos,Morelos,1702 mÂ²,,,,,,,,,,,,,,,,,,Otro,,,,,
939024428,zacatecas,terreno,https://terreno.metroscubicos.com/MLM-939024428-terreno-listo-para-construir-excelente-ubicacion-en-zacatecas-_JM,"$1,400,000",Zacatecas,Margaritas,168 mÂ²,,,,,,,,,,,,,,,,,,Otro,,,,,
1400436715,zacatecas,terreno,https://terreno.metroscubicos.com/MLM-1400436715-terreno-en-venta-en-entronque-carr-zacatecas-_JM,"$1,660,000",Durango,Azteca,8300 mÂ²,,,,,,,,,,,,,,,,,,-,,,,,
949419804,zacatecas,terreno,https://terreno.metroscubicos.com/MLM-949419804-terreno-con-construccion-muros-perimetrales-preparado-para-5-locales-comerciales-_JM,"$1,598,200",Guadalupe,Mina Azul,530 mÂ²,,,,,,,,,,,,,,,,,,Otro,,,,,
953352681,zacatecas,terreno,https://terreno.metroscubicos.com/MLM-953352681-terreno-en-excelente-zona-de-crecimiento-para-proyecto-comercialbodegalocales-_JM,"$3,265,720",Zacatecas,Gonzalez Ortega 2a Secc.,1658 mÂ²,,,,,,,,,,,,,,,,,,Otro,,,,,
939024161,zacatecas,terreno,https://terreno.metroscubicos.com/MLM-939024161-terreno-en-venta-a-espaldas-del-banco-de-alimentos-calles-pavimentadas-_JM,"$1,580,000",Guadalupe,Cieneguitas,1275 mÂ²,,,,,,,,,,,,,,,,,,Otro,,,,,
1370574565,zacatecas,lotes,https://terreno.metroscubicos.com/MLM-1370574565-lotes-desde-1400-m2-nuevo-fracc-el-saltito-entrando-al-teul-de-gonzalez-ortega-_JM,"$298,000",Teul De GonzÃ¡lez Ortega,Otra Colonia,500 mÂ²,,,,,,,,,,,,,,,,,,Otro,,,,,
1390385613,zacatecas,terreno,https://terreno.metroscubicos.com/MLM-1390385613-terreno-con-construccion-en-venta-2100m2-sobre-heroes-de-chapultepec-zacatecas-28000000-_JM,"$28,000,000",Zacatecas,Sierra De Alica,2100 mÂ²,,,,,,,,,,,,,,,,,,-,,,,,
1363020196,zacatecas,terrenos,https://terreno.metroscubicos.com/MLM-1363020196-terrenos-en-venta-en-zacatecas-pesqueria-_JM,"$24,312,644",Pesqueria,Zacatecas,121563 mÂ²,,,,,,,,,,,,,,,,,,-,,,,,
1416946706,zacatecas,terreno,https://terreno.metroscubicos.com/MLM-1416946706-terreno-industrial-en-venta-carr-zacatecas-derramadero-_JM,"$1,750,000",Saltillo,Ferrocarrilero,5000 mÂ²,,,,,,,,,,,,,,,,,,-,,,,,
1415479703,zacatecas,terreno,https://terreno.metroscubicos.com/MLM-1415479703-terreno-comercial-en-venta-en-zacatecas-pesqueria-nuevo-le-_JM,"$11,000,000",Pesqueria,Zacatecas,10000 mÂ²,,,,,,,,,,,,,,,,,,Otro,,,,,
1415403835,zacatecas,terreno,https://terreno.metroscubicos.com/MLM-1415403835-terreno-comercial-en-venta-en-zacatecas-pesqueria-nuevo-le-_JM,"$11,000,000",Pesqueria,Zacatecas,10000 mÂ²,,,,,,,,,,,,,,,,,,Otro,,,,,
1338075423,zacatecas,terrenos,https://terreno.metroscubicos.com/MLM-1338075423-terrenos-venta-en-fracc-el-salvador-zacatecas-_JM,"$25,810,000",El Salvador,El Salvador,8900000 mÂ²,,,,,,,,,,,,,,,,,,Otro,,,,,
1317747772,zacatecas,oportunidad,https://terreno.metroscubicos.com/MLM-1317747772-oportunidad-de-inversion-de-terreno-en-excelente-ubicacion-en-zacatecas-_JM,"$18,500,000",Zacatecas,Zacatecas Centro,13493.46 mÂ²,,,,,,,,,,,,,,,,,,Otro,,,,,
1399607906,zacatecas,terreno,https://terreno.metroscubicos.com/MLM-1399607906-terreno-en-zona-de-mayor-crecimiento-en-guadalupedentro-del-poligono-urbano-_JM,"$150,000",Guadalupe,El Universo,138 mÂ²,,,,,,,,,0 MXN,,,,,,,,,Otro,,,,,
1362133105,zacatecas,terreno,https://terreno.metroscubicos.com/MLM-1362133105-terreno-en-venta-en-guadalupe-centro-_JM,"$5,000,000",Guadalupe,Guadalupe Centro,1000 mÂ²,,,,,,,,,,,,,,,,,,-,,,,,
1413529253,zacatecas,amplio,https://terreno.metroscubicos.com/MLM-1413529253-amplio-terreno-en-venta-villa-garcia-zacatecas-_JM,"$900,000",Zacatecas,Villa GarcÃ­a,9830 mÂ²,,,,,,,,,0 MXN,,,,,,,,,Otro,,,,,
1414450188,zacatecas,venta,https://terreno.metroscubicos.com/MLM-1414450188-venta-fabuloso-terreno-cerca-del-aeropuerto-de-guadalajara-en-batallon-de-zacatecas-_JM,"$28,943,925",El Salto,Las Pintitas Centro,18673 mÂ²,,,,,,,,,,,,,,,,,,-,,,,,
1414750042,zacatecas,terrenos,https://terreno.metroscubicos.com/MLM-1414750042-terrenos-en-venta-ciudad-guadalupe-centro-_JM,"$4,100,000",Guadalupe,Guadalupe Centro,340 mÂ²,,,,,,,,,,,,,,,,,,-,,,,,
953829953,zacatecas,terreno,https://terreno.metroscubicos.com/MLM-953829953-terreno-campestre-al-costado-de-la-caseta-de-cobro-en-ejido-villa-de-guadalupe-_JM,"$1,060,000",Guadalupe,Zacatecana,20000 mÂ²,,,,,,,,,,,,,,,,,,Otro,,,,,
1401379394,zacatecas,terreno,https://terreno.metroscubicos.com/MLM-1401379394-terreno-habitacional-en-privada-_JM,"$6,500",Zacatecas,Villas Universidad,158.88 mÂ²,,,,,,,,,,,,,,,,,,Tierra,,,,,
936355164,zacatecas,terreno,https://terreno.metroscubicos.com/MLM-936355164-terreno-comercial-en-venta-camino-real-_JM,"$10,000,000",Zacatecas,Guadalupe,1091 mÂ²,,,,,,,,,,,,,,,,,,-,,,,,
1405688978,zacatecas,terreno,https://terreno.metroscubicos.com/MLM-1405688978-terreno-en-venta-cerca-de-colegios-centros-comerciales--_JM,"$1,500",Zacatecas,Otra Colonia,5500 mÂ²,,,,,,,,,,,,,,,,,,Tierra,38 m,150 m,Plano,,
946270499,zacatecas,carretera,https://terreno.metroscubicos.com/MLM-946270499-carretera-zacatecas-_JM,"$17,400,000",San Luis PotosÃ­,El Saucito,12000 mÂ²,,,,,,,,,0 MXN,,,,,,,,,Otro,,,,,
1385552248,zacatecas,terreno,https://terreno.metroscubicos.com/MLM-1385552248-terreno-en-venta-parque-zacatecas-_JM,"$1,533,210",Ocoyucan,Malacatepec,175 m²,,,,,,,,,,,,,,,,,,-,,,,,
1385507272,zacatecas,terreno,https://terreno.metroscubicos.com/MLM-1385507272-terreno-en-venta-parque-zacatecas-_JM,"$1,508,920",San Andrés Cholula,Parque de la Castellana,175 m²,,,,,,,,,,,,,,,,,,-,,,,,
1399642662,zacatecas,terreno,https://terreno.metroscubicos.com/MLM-1399642662-terreno-en-venta-cerca-de-carretera-a-san-felipe-_JM,"U$S1,224,000",Mexicali,Zacatecas,204000 mÂ²,,,,,,,,,,,,,,,,,,Otro,,,,,
1385564595,zacatecas,terreno,https://terreno.metroscubicos.com/MLM-1385564595-terreno-en-venta-parque-zacatecas-_JM,"$1,497,747",Ocoyucan,Malacatepec,171 m²,,,,,,,,,,,,,,,,,,-,,,,,
1385470710,zacatecas,terreno,https://terreno.metroscubicos.com/MLM-1385470710-terreno-en-venta-parque-zacatecas-_JM,"$1,543,142",Ocoyucan,Malacatepec,176 m²,,,,,,,,,,,,,,,,,,-,,,,,
1385465093,zacatecas,terreno,https://terreno.metroscubicos.com/MLM-1385465093-terreno-en-venta-parque-zacatecas-_JM,"$1,569,917",Ocoyucan,Malacatepec,179 m²,,,,,,,,,,,,,,,,,,-,,,,,
1385558359,zacatecas,terreno,https://terreno.metroscubicos.com/MLM-1385558359-terreno-en-venta-parque-zacatecas-_JM,"$1,613,990",Ocoyucan,Malacatepec,184 m²,,,,,,,,,,,,,,,,,,-,,,,,
1385552105,zacatecas,terreno,https://terreno.metroscubicos.com/MLM-1385552105-terreno-en-venta-parque-zacatecas-_JM,"$1,503,338",Ocoyucan,Malacatepec,171 m²,,,,,,,,,,,,,,,,,,-,,,,,
1385552082,zacatecas,terreno,https://terreno.metroscubicos.com/MLM-1385552082-terreno-en-venta-parque-zacatecas-_JM,"$1,503,565",Ocoyucan,Malacatepec,171 m²,,,,,,,,,,,,,,,,,,-,,,,,
1385526415,zacatecas,terreno,https://terreno.metroscubicos.com/MLM-1385526415-terreno-en-venta-parque-zacatecas-_JM,"$1,539,808",Ocoyucan,Malacatepec,175 m²,,,,,,,,,,,,,,,,,,-,,,,,
1385470667,zacatecas,terreno,https://terreno.metroscubicos.com/MLM-1385470667-terreno-en-venta-parque-zacatecas-_JM,"$1,491,333",Ocoyucan,Malacatepec,170 m²,,,,,,,,,,,,,,,,,,-,,,,,
1385447398,zacatecas,terreno,https://terreno.metroscubicos.com/MLM-1385447398-terreno-en-venta-parque-zacatecas-_JM,"$1,569,672",Ocoyucan,Malacatepec,179 m²,,,,,,,,,,,,,,,,,,-,,,,,
1385519953,zacatecas,terreno,https://terreno.metroscubicos.com/MLM-1385519953-terreno-en-venta-parque-zacatecas-_JM,"$1,634,150",Ocoyucan,Malacatepec,186 m²,,,,,,,,,,,,,,,,,,-,,,,,
1385558397,zacatecas,terreno,https://terreno.metroscubicos.com/MLM-1385558397-terreno-en-venta-parque-zacatecas-_JM,"$1,702,103",Ocoyucan,Malacatepec,194 m²,,,,,,,,,,,,,,,,,,-,,,,,
1385526407,zacatecas,terreno,https://terreno.metroscubicos.com/MLM-1385526407-terreno-en-venta-parque-zacatecas-_JM,"$1,571,632",Ocoyucan,Malacatepec,179 m²,,,,,,,,,,,,,,,,,,-,,,,,
939017403,zacatecas,terreno,https://terreno.metroscubicos.com/MLM-939017403-terreno-centro-de-calera-250-mts-de-bancosjardin-principalzona-comercial-_JM,"$680,000",Calera,VÃ­ctor Rosales Calera,214 mÂ²,,,,,,,,,,,,,,,,,,Otro,,,,,
1317031104,zacatecas,terreno,https://terreno.metroscubicos.com/MLM-1317031104-terreno-en-venta-en-sierra-nevada-_JM,"$3,200,000",Villanueva,Nueva,9984.74 mÂ²,,,,,,,,,,,,,,,,,,Otro,,,Regular,,
1338120477,zacatecas,terreno,https://terreno.metroscubicos.com/MLM-1338120477-terreno-venta-en-carretera-zacatecas-guadalajara-zac-_JM,"$20,790,750",Zacatecas,Zacatecas Centro,21885 mÂ²,,,,,,,,,,,,,,,,,,Otro,,,,,
1346639734,zacatecas,terreno,https://terreno.metroscubicos.com/MLM-1346639734-terreno-en-venta-el-salvador-zacatecas-_JM,"$44,000,000",El Salvador,El Salvador,8000000 mÂ²,,,,,,,,,,,,,,,,,,Otro,,,,,
1411140198,zacatecas,dos,https://terreno.metroscubicos.com/MLM-1411140198-dos-terrenos-en-venta-lomas-de-bernardez-mina-vetagrande-_JM,"$12,500",Guadalupe,Lomas De Bernardez,490 mÂ²,,,,,,,,,,,,,,,,,,Tierra,,,Regular,Otro,
926192233,zacatecas,terreno,https://terreno.metroscubicos.com/MLM-926192233-terreno-en-venta-en-fresnillo-zacatecas-_JM,"$126,129,500",Fresnillo,Nueva Esperanza,39.037 m²,,,,,,,,,,,,,,,,,,Asfalto,,,Regular,,
1363826914,zacatecas,terreno,https://terreno.metroscubicos.com/MLM-1363826914-terreno-comercial-en-av-principal-en-loreto-zacatecas-_JM,"$1,180,000",Loreto,Otra Colonia,280 mÂ²,,,,,,,,,0 MXN,,,,,,,,,Otro,,,,,
1390677858,zacatecas,terreno,https://terreno.metroscubicos.com/MLM-1390677858-terreno-en-venta-azteca-_JM,"$180,000",Zacatecas,Jerez,200 mÂ²,,,,,,,,,,,,,,,,,,-,,,,,
1406255411,zacatecas,terreno,https://terreno.metroscubicos.com/MLM-1406255411-terreno-habitacional-en-privada-en-venta-alberca-olimpica-_JM,"$722,400",Guadalupe,Guadalupe,172 mÂ²,,,,,,,,,0 MXN,,,,,,,,,Arena,8 m,21.5 m,Plano,,
865394288,zacatecas,terreno,https://terreno.metroscubicos.com/MLM-865394288-terreno-en-venta-en-zacatecas-_JM,"$6,800,000",Guadalupe,Zona Industrial,1700 mÂ²,,,,,,,,,,,,,,,,,,Otro,,,,,
1387020450,zacatecas,venta,https://terreno.metroscubicos.com/MLM-1387020450-venta-terreno-felipe-angeles-_JM,"$550,000",Villanueva,Felipe Ángeles,5000 m²,,,,,,,,,,,,,,,,,,Otro,,,,,
1322133281,zacatecas,terreno,https://terreno.metroscubicos.com/MLM-1322133281-terreno-comercial-en-venta-en-guadalupe-nl-av-juarez-_JM,"$39,716,320",Zacatecas,Guadalupe,5673 mÂ²,,,,,,,,,0 MXN,,,,,,,,,Otro,,,,,
1392689782,zacatecas,terrenos,https://terreno.metroscubicos.com/MLM-1392689782-terrenos-industriales-en-venta-en-blvd-a-zacatecas-aguascalientes-_JM,"$4,200",Aguascalientes,Trojes De Alonso,200 mÂ²,,,,,,,,,,,,,,,,,,Otro,,,,,
939017263,zacatecas,terreno,https://terreno.metroscubicos.com/MLM-939017263-terreno-optimo-para-fraccionamiento-permisos-y-uso-de-suelo-_JM,"$7,680,000",Zacatecas,El Orito,29492 mÂ²,,,,,,,,,,,,,,,,,,Otro,,,,,
1415404333,zacatecas,terreno,https://terreno.metroscubicos.com/MLM-1415404333-terreno-industrial-en-venta-en-zacatecas-pesqueria-nuevo-l-_JM,"$82,500,000",Pesqueria,Zacatecas,75000 mÂ²,,,,,,,,,,,,,,,,,,Otro,,,,,
1363036222,zacatecas,terrenos,https://terreno.metroscubicos.com/MLM-1363036222-terrenos-en-venta-en-valparaiso-centro-valparaiso-_JM,"$38,000,000",ValparaÃ­so,ValparaÃ­so Centro,2000000 mÂ²,,,,,,,,,,,,,,,,,,-,,,,,
1362094204,zacatecas,terreno,https://terreno.metroscubicos.com/MLM-1362094204-terreno-en-venta-en-guadalupe-centro-_JM,"$5,850,000",Guadalupe,Guadalupe Centro,1027 mÂ²,,,,,,,,,,,,,,,,,,-,,,,,
765421275,zacatecas,terreno,https://terreno.metroscubicos.com/MLM-765421275-terreno-en-venta-en-parque-zacatecas-lomas-de-angelopolis-_JM,"$1,897,200",San AndrÃ©s Cholula,Lomas de AngelÃ³polis,186 mÂ²,,,,,,,,,,,,,,,,,,Otro,,,,,
1400293930,zacatecas,terreno,https://terreno.metroscubicos.com/MLM-1400293930-terreno-comercial-en-venta-las-huertas-_JM,"$9,380,000",Juan Aldama,Las Auroras,18760 mÂ²,,,,,,,,,,,,,,,,,,-,,,,,
1390188029,zacatecas,terreno,https://terreno.metroscubicos.com/MLM-1390188029-terreno-comercial-en-venta-las-huertas-_JM,"$9,380,000",Juan Aldama,Las Auroras,18760 mÂ²,,,,,,,,,,,,,,,,,,-,,,,,
1412413344,zacatecas,terreno,https://terreno.metroscubicos.com/MLM-1412413344-terreno-en-venta-en-las-huertas-_JM,"$9,380,000",Juan Aldama,Las Auroras,18760 mÂ²,,,,,,,,,,,,,,,,,,-,,,,,
1363013722,zacatecas,terrenos,https://terreno.metroscubicos.com/MLM-1363013722-terrenos-en-venta-en-chalchihuites-chalchihuites-_JM,"$6,000,000",Chalchihuites,Chalchihuites,10000000 mÂ²,,,,,,,,,,,,,,,,,,-,,,,,
1363001002,zacatecas,terrenos,https://terreno.metroscubicos.com/MLM-1363001002-terrenos-en-venta-en-chalchihuites-chalchihuites-_JM,"$2,235,360",Chalchihuites,Chalchihuites,3726000 mÂ²,,,,,,,,,,,,,,,,,,-,,,,,
1418327890,zacatecas,terreno,https://terreno.metroscubicos.com/MLM-1418327890-terreno-industrial-en-venta-zona-industrial-derramadero-carr-zacatecas-_JM,"$13,337,200",Saltillo,Venustiano Carranza,33343 m²,,,,,,,,,,,,,,,,,,-,,,,,
1390664995,zacatecas,terreno,https://terreno.metroscubicos.com/MLM-1390664995-terreno-en-venta-jardines-de-jerez-_JM,"$550,000",Jerez,Jerez Centro,250 mÂ²,,,,,,,,,,,,,,,,,,-,,,,,
1408841070,zacatecas,terreno,https://terreno.metroscubicos.com/MLM-1408841070-terreno-sobre-carretera-a-zacatecas-km-181-_JM,"$1,580,000",Mexquitic De Carmona,La Campana,484 mÂ²,,,,,,,,,,,,,,,,,,Asfalto,24 m,20.16 m,Regular,Perimetral,
1363036227,zacatecas,terrenos,https://terreno.metroscubicos.com/MLM-1363036227-terrenos-en-venta-en-zacatecas-pesqueria-_JM,"U$S476,000",Pesqueria,Zacatecas,10577 mÂ²,,,,,,,,,,,,,,,,,,-,,,,,
1335841970,zacatecas,terreno,https://terreno.metroscubicos.com/MLM-1335841970-terreno-carretera-saltillo-zacatecas-cerca-de-chrysler-derramadero-_JM,"$7,500,000",Saltillo,La Encantada,50000 mÂ²,,,,,,,,,,,,,,,,,,Otro,,,,,
1362976350,zacatecas,terrenos,https://terreno.metroscubicos.com/MLM-1362976350-terrenos-en-venta-en-zacatecas-pesqueria-_JM,"$7,200,000",Pesqueria,Zacatecas,36000 mÂ²,,,,,,,,,,,,,,,,,,-,,,,,
1362994532,zacatecas,terrenos,https://terreno.metroscubicos.com/MLM-1362994532-terrenos-en-venta-en-zacatecas-pesqueria-_JM,"U$S481,230",Pesqueria,Zacatecas,10694 mÂ²,,,,,,,,,,,,,,,,,,-,,,,,
1362994922,zacatecas,terrenos,https://terreno.metroscubicos.com/MLM-1362994922-terrenos-en-venta-en-zacatecas-pesqueria-_JM,"U$S488,745",Pesqueria,Zacatecas,10861 mÂ²,,,,,,,,,,,,,,,,,,-,,,,,
1362976474,zacatecas,terrenos,https://terreno.metroscubicos.com/MLM-1362976474-terrenos-en-venta-en-zacatecas-pesqueria-_JM,"U$S482,000",Pesqueria,Zacatecas,10708 mÂ²,,,,,,,,,,,,,,,,,,-,,,,,
1362982557,zacatecas,terrenos,https://terreno.metroscubicos.com/MLM-1362982557-terrenos-en-venta-en-zacatecas-pesqueria-_JM,"U$S24,411,960",Pesqueria,Zacatecas,542488 mÂ²,,,,,,,,,,,,,,,,,,-,,,,,
1362994534,zacatecas,terrenos,https://terreno.metroscubicos.com/MLM-1362994534-terrenos-en-venta-en-zacatecas-pesqueria-_JM,"U$S1,005,260",Pesqueria,Zacatecas,22339 mÂ²,,,,,,,,,,,,,,,,,,-,,,,,
1400353443,zacatecas,proyecto,https://terreno.metroscubicos.com/MLM-1400353443-proyecto-casa-habitacion-3-niveles-excelente-ubicacion-_JM,"$1,400,000",Zacatecas,Villas Universidad,221.09 m²,,,,,,,,,,,,,,,,,,Tierra,8 m,15 m,Regular,,Interno
1400184737,zacatecas,terrenos,https://terreno.metroscubicos.com/MLM-1400184737-terrenos-de-500m2-a-25-meses-en-zacatecas-_JM,"$70,000",Guadalupe,San JerÃ³nimo,5 ha,,,,,,,,,,,,,,,,,,Tierra,,,,,
1402244872,zacatecas,terreno,https://terreno.metroscubicos.com/MLM-1402244872-terreno-de-1515-en-colonia-minerales-concepcion-del-oro-_JM,"$150,000",ConcepciÃ³n Del Oro,Otra Colonia,0.25 ha,,,,,,,,,,,,,,,,,,Tierra,,,,,
1411104358,zacatecas,venta,https://terreno.metroscubicos.com/MLM-1411104358-venta-de-3-terrenos-con-diferentes-medidas-en-el-fracc-braulio-santana-se-localizan-por-la-deportiva-guadalupe-en-guerreros-por-la-quinta-santa-lucia-y-del-panteon-jardines-de-guadalupe-_JM,"$450,000",Guadalupe,La FÃ©,459 mÂ²,,,,,,,,,0 MXN,,,,,,,,,Tierra,20 m,21 m,Plano,Perimetral,
1405657969,zacatecas,propiedad,https://terreno.metroscubicos.com/MLM-1405657969-propiedad-en-colonia-hidalgo-sombrerete-zacatecas-_JM,"$480,000",Sombrerete,Hidalgo,400 mÂ²,,,,,,,,,,,,,,,,,,Tierra,20 m,20 m,Regular,Perimetral,
1402043698,zacatecas,terreno,https://terreno.metroscubicos.com/MLM-1402043698-terreno-centrico-grande-muy-bien-comunicado-_JM,"$3,330,000",Zacatecas,Lomas Del Patrocinio,945 mÂ²,,,,,,,,,,,,,,,,,,Asfalto,21 m,45 m,Irregular,,
